# Pesampled Flux, Resampled Flux Uncertainty, Resampled Sky Flux, Resampled Sensitivity Curve
nan,nan,nan
3.668586991729620626e-11,1.842163179376905975e-08,2.644624485324664702e-07
3.916131212641863826e-11,1.021281568439919764e-08,1.465608574744811974e-07
2.010838843520368484e-11,5.872827877192735056e-09,8.432389664357626975e-08
5.230051498273996343e-12,3.501070444576115023e-09,5.027389921904272839e-08
3.050368410878641534e-12,2.162525974003223307e-09,3.103784166449893068e-08
1.569591050673099220e-12,1.383125159553663586e-09,1.985322658892771958e-08
1.988247755576294361e-12,9.153799162187525400e-10,1.313885729705415034e-08
1.056845928155475484e-12,6.086831354959936436e-10,8.732917979905908378e-09
6.226635972631999921e-13,4.354288645653568872e-10,6.250184715372614708e-09
2.373293770381642973e-13,3.215005796633992967e-10,4.615296032690048295e-09
5.174606222789498872e-14,2.440507836843834342e-10,3.503675823296086888e-09
5.785407635163974583e-14,1.902658695841884163e-10,2.730835628901929136e-09
7.086160418950795628e-14,1.521728244077036542e-10,2.184190997807378692e-09
2.443416944345701768e-13,1.247059330523231800e-10,1.789454291575035164e-09
1.301719959780311793e-13,1.043533951004284719e-10,1.498103413275594195e-09
3.660761168947338225e-14,8.854348845198987455e-11,1.271269662580302478e-09
1.925902565876825120e-13,7.779559949863259446e-11,1.116417253696885131e-09
1.233210179135865907e-13,6.958758727442032046e-11,9.986425164405361867e-10
1.164710564057196143e-13,6.328540667174972377e-11,9.082585790592981612e-10
1.159932478718709544e-13,5.843431678668121228e-11,8.388817867835917480e-10
8.138570478527413572e-14,5.470245582201565590e-11,7.853310277790462704e-10
2.835406655719585851e-14,5.184296586945632522e-11,7.443442299147582729e-10
9.124230503657231680e-14,4.964597883144684434e-11,7.127772909663586289e-10
1.265061758147256943e-13,4.791641560597833135e-11,6.873346208359075208e-10
5.218534308760010872e-14,4.675712244656473830e-11,6.711574974774966083e-10
2.895426219821231029e-14,4.589874363888644846e-11,6.589590184798986101e-10
4.791528414465095301e-14,4.525871718944621909e-11,6.498440023286075522e-10
9.064720696841610630e-14,4.476186785394431357e-11,6.423826713363043981e-10
8.826362981265073246e-14,4.433770785352188834e-11,6.361277735840746913e-10
2.213868209502591790e-14,4.391885500711889091e-11,6.302150696036878230e-10
5.979147855278415885e-14,4.344045274308752175e-11,6.234740987143422108e-10
1.986579182085786274e-14,4.277475920092600823e-11,6.141927472487814355e-10
5.566002777684342450e-14,4.194820116568492605e-11,6.023459225428505161e-10
1.074430430906135954e-14,4.088734382449913035e-11,5.869596863915666172e-10
2.480949145269737624e-14,3.954516214636542243e-11,5.677275013522597613e-10
2.516289180200936146e-14,3.789458655255630234e-11,5.439578121626287798e-10
3.694541388873749462e-14,3.592409315289665368e-11,5.155566245998496061e-10
2.039155869470531609e-14,3.364008579823329478e-11,4.829270373209660547e-10
2.359467798837176172e-14,3.106831488588814580e-11,4.460644375955630143e-10
2.077056126618202463e-14,2.816114841048094069e-11,4.041001523600562785e-10
8.958849865924556070e-15,2.501866001527253932e-11,3.593511601086254123e-10
2.886977723006413599e-14,2.205551860468878981e-11,3.166765783221585315e-10
1.118504352410953634e-14,1.919544766214536007e-11,2.755666369696536404e-10
2.557220559124859707e-14,1.651237237085255196e-11,2.370254545116112935e-10
1.560528537817468872e-14,1.405572570240165496e-11,2.017737771079408346e-10
7.830078052216120098e-15,1.185315114837241682e-11,1.701590982573547262e-10
1.693348858160611137e-14,9.914232819879573757e-12,1.423063772405343963e-10
1.129993485491549851e-14,8.234605554807862550e-12,1.182312961087514645e-10
1.703346345951456247e-14,6.743641073844956926e-12,9.680693795512697965e-11
2.718375214985117233e-15,5.505609197544855186e-12,7.905386004375792525e-11
1.778942020296779434e-15,4.523849805098609060e-12,6.492385932697226152e-11
2.498356083869106508e-15,3.711146000663593638e-12,5.326470467449706903e-11
1.593382265666461302e-15,3.043220375982040543e-12,4.368618062299503810e-11
8.053106138622883865e-16,2.497591432515543405e-12,3.585904191010361590e-11
2.647635053928886900e-15,2.054085469830563033e-12,2.949288269092224186e-11
1.778318801159331573e-15,1.695043902381335293e-12,2.434206877712115887e-11
1.486585804190532400e-15,1.405317924385442496e-12,2.018175028451806506e-11
9.089402460310406997e-16,1.165981418442726088e-12,1.673641803114127115e-11
6.561087394627353902e-16,9.721202572188430152e-13,1.395287075536889708e-11
1.796668870811253384e-15,8.258081984779024134e-13,1.185200660039812405e-11
5.005326240156094580e-16,7.077252729880946536e-13,1.016000341570189203e-11
8.254205231983631909e-16,6.124656395894294703e-13,8.794510811329421818e-12
1.712859901787530815e-15,5.357215028486444530e-13,7.689376472849171355e-12
1.003206198838002443e-15,4.740758160051770797e-13,6.806011782475718508e-12
5.772229939097960957e-16,4.248341895556228973e-13,6.097984759075018037e-12
1.044748520234023019e-15,3.858905190593781013e-13,5.540549870973108056e-12
1.723457652116936869e-15,3.556214971236941019e-13,5.106601006892486334e-12
1.491557323141791212e-15,3.315834142599611374e-13,4.759251643920125648e-12
1.298257854683690156e-15,3.160319443299591563e-13,4.535400878534957096e-12
1.363260545827720084e-15,3.060902738612453495e-13,4.394908792905570381e-12
8.077106789475710422e-16,3.000465298595444139e-13,4.308162682958815220e-12
7.238989677275690927e-16,2.965363077466322155e-13,4.258071339723567525e-12
9.377739212526361122e-16,2.943347929525358505e-13,4.225678390859910412e-12
7.977553110738247060e-16,2.922827196443487960e-13,4.195855473922237854e-12
7.116426185538660898e-16,2.892586356495872685e-13,4.153879394994179323e-12
4.796944082622588451e-16,2.841933486499103666e-13,4.079750173867769030e-12
1.075068100900137901e-15,2.761758659775626402e-13,3.964009989755889735e-12
1.398505860896408754e-15,2.643573274984604349e-13,3.792782199609638584e-12
6.930251708847418445e-16,2.517053791332810665e-13,3.613087819564241031e-12
6.060655333233876914e-16,2.385395383879881790e-13,3.425847425031344931e-12
7.707215968169199551e-16,2.257148197971977908e-13,3.242263561062322126e-12
1.018767216639040851e-15,2.139260231207936318e-13,3.072514395103869806e-12
8.251610972638997304e-16,2.036897137415381956e-13,2.925174676091192206e-12
4.738647579624130103e-16,1.951352438353746625e-13,2.803192006572306847e-12
7.003269172187000360e-16,1.880422869457590833e-13,2.700221489847479236e-12
8.734972107087179657e-16,1.821601688317542876e-13,2.614863088957758602e-12
9.092405104052308124e-16,1.772772244031609066e-13,2.544367198681478941e-12
7.566634546354316029e-16,1.730134105608438704e-13,2.484631970930761732e-12
2.837060057456085085e-16,1.695988036869771328e-13,2.435241509364407195e-12
4.384458751738262975e-16,1.667583603587628635e-13,2.395129043665894318e-12
4.919406582070040065e-16,1.642791431040517044e-13,2.359182335919731405e-12
8.208238801854774550e-16,1.620430666832159460e-13,2.327205931685732746e-12
9.578782419520028012e-16,1.599390160100218389e-13,2.297513973342381998e-12
9.304533849380155942e-16,1.578616618382988241e-13,2.267230013759590318e-12
9.444507070857076709e-16,1.557109683021174470e-13,2.235621891607477614e-12
1.027377172328887252e-15,1.533923322692930054e-13,2.203176722004261243e-12
1.098886118825679275e-15,1.508172974316087307e-13,2.166557855227856172e-12
1.095720483348286089e-15,1.479047791208127072e-13,2.124562835034034451e-12
1.089326998983281987e-15,1.442963455164585221e-13,2.071124744243270939e-12
4.653461809353241300e-16,1.404263593671848568e-13,2.017337844994813655e-12
1.083166169996955496e-15,1.360362333664300399e-13,1.953987371898018517e-12
1.056023716505706572e-15,1.310935254346952411e-13,1.882576093120310181e-12
8.431676941654870962e-16,1.255882556979956303e-13,1.803342664965036990e-12
8.443221209697864440e-16,1.195303466544008109e-13,1.716026983743038339e-12
7.047925043786225507e-16,1.130109015695032729e-13,1.622697704908371643e-12
8.306557682424243567e-16,1.063367974052903729e-13,1.526977657517157175e-12
1.030808574080264251e-15,9.990924491878643281e-14,1.434158554478909368e-12
1.094538113541596337e-15,9.405775587115400306e-14,1.350361845375894951e-12
7.193503110589845175e-16,8.903605449607266432e-14,1.278423156844966542e-12
8.031870604703095813e-16,8.484349393966444394e-14,1.217930763928074293e-12
6.116756667742722274e-16,8.175433681993300728e-14,1.174084537208435369e-12
6.032899778885527403e-16,7.946941676746267353e-14,1.141470008335731861e-12
7.135618996318467563e-16,7.777117236616687585e-14,1.116805521510707219e-12
4.771114547591480556e-16,7.654505029820823576e-14,1.099391997058378293e-12
4.173933390632897527e-16,7.569093868671442302e-14,1.086747664719936531e-12
2.889201817827971839e-16,7.511837321661808281e-14,1.079064889360685276e-12
3.512102907113122185e-16,7.474298412109399662e-14,1.073533604302218094e-12
5.352143019340669347e-16,7.448396633909671399e-14,1.069679610992722757e-12
5.039896878140499521e-16,7.426244543155972357e-14,1.066908609972851300e-12
5.600456922639271475e-16,7.400067176276779656e-14,1.062876000755709182e-12
6.476502982217265034e-16,7.362201008240284247e-14,1.057201745664990948e-12
5.848358880812689082e-16,7.300049221657965795e-14,1.048646604313852550e-12
6.228324107939162863e-16,7.212127290162686552e-14,1.036262772962973892e-12
5.768694324737886644e-16,7.094405665540726160e-14,1.018498624529560985e-12
7.117930804845652195e-16,6.951996611014952838e-14,9.987906293723339258e-13
6.485790021808968516e-16,6.792627495472964784e-14,9.759837198740838996e-13
7.823829610897908935e-16,6.623613451070786119e-14,9.514102206963547769e-13
7.873367442730083558e-16,6.451726848019121864e-14,9.263688182931155375e-13
7.041007238540925735e-16,6.283136566533308391e-14,9.019465473903917178e-13
5.468807593000048528e-16,6.123408000332678939e-14,8.795468556650700402e-13
6.043020247739316027e-16,5.977139034400495796e-14,8.581462747298989779e-13
7.036281499819730440e-16,5.845701236343748905e-14,8.394279993984215352e-13
5.617600208624700857e-16,5.728136829041509356e-14,8.228824661482983996e-13
8.061210611405550928e-16,5.620992904928204155e-14,8.074902039938683562e-13
7.501119772125872203e-16,5.524557574063608956e-14,7.934212788679412706e-13
7.088513249917383870e-16,5.442995467208476217e-14,7.817690094226850071e-13
8.670848445050667904e-16,5.370949408904713200e-14,7.711277893255907441e-13
7.604653707130918556e-16,5.307610460544307746e-14,7.623799174913314881e-13
8.193962013104289702e-16,5.252234144581886006e-14,7.545715441420256182e-13
8.887297976888597932e-16,5.204131356982441230e-14,7.472405461562970438e-13
9.555900087956009047e-16,5.162660346190046626e-14,7.409081661113276456e-13
8.908534469380936285e-16,5.127219622607001751e-14,7.361480155641438761e-13
7.541422288147387147e-16,5.097241684982010959e-14,7.321758377731823917e-13
9.252879339404851294e-16,5.072187469241660825e-14,7.286710947567173669e-13
8.125502802030932347e-16,5.051541441689319218e-14,7.254887074491276780e-13
7.510205059546233910e-16,5.034807272565398186e-14,7.232092061332270294e-13
9.152441159634743858e-16,5.021448886679547287e-14,7.209834312979237520e-13
9.224261675349289685e-16,5.010644815746316479e-14,7.196583619260915987e-13
9.509420024892636630e-16,5.002703621915112529e-14,7.184664277438404093e-13
9.036536345555048227e-16,4.995967960252584129e-14,7.175708350819370241e-13
1.062462546002368128e-15,4.989536450514332169e-14,7.166736918286217292e-13
1.190176401393067421e-15,4.982512206366057194e-14,7.156419110328473185e-13
1.057159648299948019e-15,4.974003147026397841e-14,7.146992737409705833e-13
1.149076320081112255e-15,4.963123867602126020e-14,7.130261053634715171e-13
1.215148870395699178e-15,4.948999049846657201e-14,7.107208138347874769e-13
1.293809490409800330e-15,4.930768382224825108e-14,7.082281260215332511e-13
1.342808370820702407e-15,4.907592938115833970e-14,7.047354089537698443e-13
1.417620152563634965e-15,4.878662934068464038e-14,7.004743471537899852e-13
1.282739317043447874e-15,4.843206756801301731e-14,6.957768406623036885e-13
1.220713732123517108e-15,4.800501108939594952e-14,6.894856386729422392e-13
1.334890597765748675e-15,4.749882080458828368e-14,6.821149184549133337e-13
1.258554388786437592e-15,4.686990379868063164e-14,6.736181662972929237e-13
1.405145156754809497e-15,4.617523126790501941e-14,6.634283669998163823e-13
1.438272241147488107e-15,4.538862011192684041e-14,6.520716187533326460e-13
1.355789581982292246e-15,4.450445551391568525e-14,6.394907244875773109e-13
1.407603688892970352e-15,4.352112473383450594e-14,6.250676752466862735e-13
1.444805077126991461e-15,4.243835575923164906e-14,6.097347404505577650e-13
1.525733368469605731e-15,4.126301127761664266e-14,5.928851209088739687e-13
1.501462474552751656e-15,4.002511962747743495e-14,5.751954692855510014e-13
1.490558386935207345e-15,3.877162146165690139e-14,5.570464853201626237e-13
1.490604857254758050e-15,3.754633860752560493e-14,5.394547127826538178e-13
1.525794357290674865e-15,3.638791880126417096e-14,5.230856576507511655e-13
1.491630907576756932e-15,3.533031036962947393e-14,5.075868999387869068e-13
1.486030344054129887e-15,3.440358054389784330e-14,4.941368073885907143e-13
1.371549359060693152e-15,3.363393978954429403e-14,4.832042697513189350e-13
1.513936220520933759e-15,3.302432822496734458e-14,4.746407536441539971e-13
1.484813187090197784e-15,3.253849166824790326e-14,4.674592541937843805e-13
1.475038748927946935e-15,3.218258887592876697e-14,4.622586851565045707e-13
1.525659464989310661e-15,3.192234402650345334e-14,4.584529363606194015e-13
1.544226718090208225e-15,3.172953761509759442e-14,4.557657894793567491e-13
1.369330174306697834e-15,3.158456515291095007e-14,4.539071934116130809e-13
1.406113574347361797e-15,3.146842716190304466e-14,4.519587031733739436e-13
1.418538199750039069e-15,3.136250888953726632e-14,4.505517337688141129e-13
1.592735629978150052e-15,3.124846979202927087e-14,4.490319656300693892e-13
1.559232208427979773e-15,3.110823911059303029e-14,4.469409659215651149e-13
1.651303525920198345e-15,3.092411475201813481e-14,4.443197360191756724e-13
1.795026946250812388e-15,3.067896192657639801e-14,4.407571727183233221e-13
1.799259361174147366e-15,3.035650566775493569e-14,4.361774266944542849e-13
1.934411360392560026e-15,2.994174334034656382e-14,4.302453851726821328e-13
1.977606279047336153e-15,2.942906068687102195e-14,4.228213288294627535e-13
1.805815490087454155e-15,2.883584472224154228e-14,4.143310218025897853e-13
1.886552627114236544e-15,2.818842902545939687e-14,4.049847297647403232e-13
1.718224923513047329e-15,2.750490924803797752e-14,3.950630513180859302e-13
1.794749519814823100e-15,2.679701838168111981e-14,3.852157938285341891e-13
1.694297796707311682e-15,2.613636568873168750e-14,3.755381796146669011e-13
1.748163161037500805e-15,2.551421171455301227e-14,3.665291318839097994e-13
1.797185833622096935e-15,2.494768725557867781e-14,3.585485414761293569e-13
1.808229526016683034e-15,2.444826877076331779e-14,3.515686167314597832e-13
1.886619587981110837e-15,2.401395919311594257e-14,3.450954421027575657e-13
1.937131644504075574e-15,2.363690102718991513e-14,3.395918432600528796e-13
1.901064169024620635e-15,2.330986115379479514e-14,3.350935096207265069e-13
1.847404966750130020e-15,2.302620479438212001e-14,3.311052664466450386e-13
1.805332273949617186e-15,2.277978440628470924e-14,3.274078166382158916e-13
1.785301069968173648e-15,2.256484681014891841e-14,3.242302144325481582e-13
1.760018265632558833e-15,2.237595615549412505e-14,3.216466646452006178e-13
1.675333964222594169e-15,2.220793087103335038e-14,3.190620185140876851e-13
1.694114911987987003e-15,2.205579317902381265e-14,3.167988488069011353e-13
1.817606543128073892e-15,2.191473009497065380e-14,3.148752705219723459e-13
1.879310245479796363e-15,2.178006509834266065e-14,3.130293159667585142e-13
1.863460538199165461e-15,2.164723985590936446e-14,3.112950560849046351e-13
1.867515167797036211e-15,2.151092061765711740e-14,3.092535423563182987e-13
1.942335943840913521e-15,2.136207249845776981e-14,3.072119625705890232e-13
1.817413872393382466e-15,2.120728323168010368e-14,3.047503801374862088e-13
1.759873825478491116e-15,2.103881467765825687e-14,3.024020223569290461e-13
1.891359533202266575e-15,2.085848285785602511e-14,2.997221587156886283e-13
1.866893697285147003e-15,2.066875291858052281e-14,2.971032440425198430e-13
1.929274681380461851e-15,2.047202709518770354e-14,2.943232398295000461e-13
1.914943657611730358e-15,2.027063577417431659e-14,2.914399578385923825e-13
1.908304120697465368e-15,2.006683117567294579e-14,2.884268934087591066e-13
1.917157307928683057e-15,1.986278353567395054e-14,2.854516751038009362e-13
1.894132295382928719e-15,1.966057965213634236e-14,2.824925716553273666e-13
1.844506171673484760e-15,1.946222365119317290e-14,2.797101903337773284e-13
1.865907825659280226e-15,1.926963982839245265e-14,2.769530749214630825e-13
1.864409220009754659e-15,1.908467742475092702e-14,2.742913125508346368e-13
1.883864357471856413e-15,1.890910202748075768e-14,2.717835301115129607e-13
1.951890345493618064e-15,1.874381085107383002e-14,2.694349936472452746e-13
1.892334157500205268e-15,1.858801149871393368e-14,2.671133767955977600e-13
1.807783641494611466e-15,1.844027282039535466e-14,2.650194659591156474e-13
1.837098316430485775e-15,1.829917512519654407e-14,2.629458860689933975e-13
1.763089984721639013e-15,1.816334474565069484e-14,2.609756011660043728e-13
1.484488558488515735e-15,1.803140844410868298e-14,2.591848194923132824e-13
1.415829571741574582e-15,1.789673650066301751e-14,2.570512530758130627e-13
1.303247023426377672e-15,1.776890944684212545e-14,2.552705855217793066e-13
1.330785669855311143e-15,1.764110602930916211e-14,2.534203633355049776e-13
1.283260140652894067e-15,1.751214591939816336e-14,2.516120880025654039e-13
1.379535294692198099e-15,1.738102684017915240e-14,2.498544882788233190e-13
1.523544053322607549e-15,1.724768193411779230e-14,2.478800980750620665e-13
1.639846744210476064e-15,1.711318270812068921e-14,2.459014369630889128e-13
1.692130393576890859e-15,1.697869294856098287e-14,2.441063670081055884e-13
1.738065664686545972e-15,1.684534139292711242e-14,2.422078646646304999e-13
1.617670103395741003e-15,1.671422209242595010e-14,2.402690180562700998e-13
1.569625959666339019e-15,1.658639549293212884e-14,2.384115281076194273e-13
1.604310891544134745e-15,1.646289019671660663e-14,2.367227066471139148e-13
1.582189318902815081e-15,1.634469946334878950e-14,2.353438662839728441e-13
1.644637398363058907e-15,1.623246926804973331e-14,2.335660840012899520e-13
1.675394124862818510e-15,1.612607510581715461e-14,2.319422865648906211e-13
1.664801346387098215e-15,1.602499920409490756e-14,2.304711967558684331e-13
1.728719933044477149e-15,1.592871403273779946e-14,2.289333834165801451e-13
1.765433618126335358e-15,1.583670696699747852e-14,2.276576488462224079e-13
1.763819826277162813e-15,1.574847896209778473e-14,2.264622311040061327e-13
1.796552123433471324e-15,1.566354338737220719e-14,2.250629149208389201e-13
1.839463902672323316e-15,1.558142501239394885e-14,2.239354784824341059e-13
1.847342485289898202e-15,1.550165913839508900e-14,2.229169857605583224e-13
1.772295831950522670e-15,1.542344019778899759e-14,2.217113716766523791e-13
1.796191969812853938e-15,1.534455604663197348e-14,2.206069460089349169e-13
1.783676512822873335e-15,1.526921087372711782e-14,2.195170235389203564e-13
1.828307406557089150e-15,1.519440810270702142e-14,2.184535137043644466e-13
1.955889513642457556e-15,1.511972889830247335e-14,2.173433062189045683e-13
1.930261245898124950e-15,1.504476248802562067e-14,2.161215882910333898e-13
1.960494574863246621e-15,1.496910619157408978e-14,2.151474530434210701e-13
2.061496054615069002e-15,1.489236555832466795e-14,2.140759723190447344e-13
2.094027569428207458e-15,1.481415460911251599e-14,2.129076928410032833e-13
2.079856620647226900e-15,1.473410498401288812e-14,2.118883612705299947e-13
2.155491709822733817e-15,1.465198482950496475e-14,2.106887212110367062e-13
2.163383219890627467e-15,1.456784732633916075e-14,2.094721196202842262e-13
2.187730265367254298e-15,1.448186821685391533e-14,2.082287047195703353e-13
2.225958582217198734e-15,1.439422250488067864e-14,2.069965109701884590e-13
2.204637228426721421e-15,1.430508248100712261e-14,2.056720615373737878e-13
2.155227156138500858e-15,1.421461754840291035e-14,2.043545940297577529e-13
2.116436019770059332e-15,1.412299406769280235e-14,2.030470995939501389e-13
2.125963843215614022e-15,1.403037522048397710e-14,2.017487777407899284e-13
2.009761683849968433e-15,1.393692089111351258e-14,2.004011338498590141e-13
1.733337532504743549e-15,1.384278756614151950e-14,1.989885023596679126e-13
1.532277962366154457e-15,1.374812825108368577e-14,1.977748809580491322e-13
1.698525338617121176e-15,1.365309240384858800e-14,1.962530439247725874e-13
1.832903857399369708e-15,1.355782588432175042e-14,1.949214746774785327e-13
1.709119371185697351e-15,1.346247091952278989e-14,1.935040295184263449e-13
1.761643385786717519e-15,1.336716608374391783e-14,1.922138028515034843e-13
1.769864199435635066e-15,1.327204629307531809e-14,1.908021682556858927e-13
1.831468345639421916e-15,1.317724281371227983e-14,1.893086418495193502e-13
1.704465662552280038e-15,1.308224915695470353e-14,1.879672927960100435e-13
1.701007046308551765e-15,1.298616587930004461e-14,1.867193020171519545e-13
1.559069618329146236e-15,1.289315590574178937e-14,1.854269275872891752e-13
1.574117347719398105e-15,1.280101005481306374e-14,1.839928671799146879e-13
1.548307874555584852e-15,1.270986777860543630e-14,1.826812401852164768e-13
1.631100032893127267e-15,1.261986445956661393e-14,1.814650539028559095e-13
1.622408267939018829e-15,1.253113153032804098e-14,1.802284922816797366e-13
1.752574362024984055e-15,1.244379660739252579e-14,1.789129521690029256e-13
1.647063109355737316e-15,1.235798363796158720e-14,1.776998469752944402e-13
1.642949362081170790e-15,1.227381305922067878e-14,1.765143689883917408e-13
1.667313229582915118e-15,1.219140196944939372e-14,1.752750237254406082e-13
1.694112955610754544e-15,1.211086431037381648e-14,1.740724683520380464e-13
1.733520502108582525e-15,1.203231106022851316e-14,1.729818264659446927e-13
1.660623455439992024e-15,1.195585043705346837e-14,1.718534274368565937e-13
1.674485370735263294e-15,1.188158810829148052e-14,1.708032444798715969e-13
1.674004602644260517e-15,1.180960276844304213e-14,1.697565955688280239e-13
1.682258673067349441e-15,1.173985140850311493e-14,1.687928931481409428e-13
1.668722570984107487e-15,1.167216988638767311e-14,1.678718305314489597e-13
1.683967257664443902e-15,1.160637761522149825e-14,1.669134196744443068e-13
1.667521476676265977e-15,1.154229830475965393e-14,1.660070991856468045e-13
1.709872002796086860e-15,1.147975971420014893e-14,1.650663572630408506e-13
1.743495757738510128e-15,1.141859343087702026e-14,1.641588032725096889e-13
1.627480024077288496e-15,1.135863467381040770e-14,1.633240635857766917e-13
1.622375031291808301e-15,1.129972212116618663e-14,1.625001014204704759e-13
1.660848477437519689e-15,1.124169776074677521e-14,1.616748682061752612e-13
1.769405999570755362e-15,1.118440676269333327e-14,1.607861846539220139e-13
1.710583241553094844e-15,1.112769737363216038e-14,1.599872283670206054e-13
1.628269429345498904e-15,1.107142083153858662e-14,1.591711866364695061e-13
1.607289974907600265e-15,1.101543130062504661e-14,1.585209848366417832e-13
1.683908680739172552e-15,1.095958582558960670e-14,1.575756547362727447e-13
1.722857514526402039e-15,1.090374430457882556e-14,1.569068566397623778e-13
1.712521898662995665e-15,1.084776948029108499e-14,1.563732167687734983e-13
1.705787632293315965e-15,1.079155762582775195e-14,1.551548961184200654e-13
1.584880362981199593e-15,1.073513246402838853e-14,1.545095557271353799e-13
1.693762164475934792e-15,1.067764135083861776e-14,1.535485574215923730e-13
1.809190515171328781e-15,1.062052648495400041e-14,1.526359937147834857e-13
1.629571396107368344e-15,1.056388002266641453e-14,1.518994384433506852e-13
1.294897058204516031e-15,1.050729228359336474e-14,1.510914916919984855e-13
1.181911120205949007e-15,1.045082728589054266e-14,1.503124385365490034e-13
1.301954108875233083e-15,1.039454771084800228e-14,1.493768993793004284e-13
1.406800705224811133e-15,1.033851491157615744e-14,1.486815794524066333e-13
1.562300820408184455e-15,1.028278892536289671e-14,1.479247006740446635e-13
1.742223515350172295e-15,1.022742848956655416e-14,1.470695885669890645e-13
1.775700312092300497e-15,1.017249106091155280e-14,1.463313536658748355e-13
1.592658678440075651e-15,1.011803196271008559e-14,1.455637411246955229e-13
1.503269593583236919e-15,1.006409363232543883e-14,1.448185186519411675e-13
1.707647979676003604e-15,1.001068730361535807e-14,1.440372325157645337e-13
2.107375390555335970e-15,9.957810637019534277e-15,1.432760413673521480e-13
2.286127942923450190e-15,9.905461164411779182e-15,1.425014572704021642e-13
2.347214094754329570e-15,9.853636423499680793e-15,1.417702464431868825e-13
2.436038265745753163e-15,9.802333958471682329e-15,1.410043658896180020e-13
2.522076962773386755e-15,9.751551320634374550e-15,1.402189981373276059e-13
2.478652697222286708e-15,9.701286069040787175e-15,1.394589635689781681e-13
2.409976425975923115e-15,9.651535771109374908e-15,1.387438584314112897e-13
2.326973706183140831e-15,9.602298003234307051e-15,1.380555061515765894e-13
2.291352282598514559e-15,9.553570351386437522e-15,1.376569793346981179e-13
2.218356784894226973e-15,9.505350680772865570e-15,1.369386891465370323e-13
2.083563108363004474e-15,9.457652472141733406e-15,1.360074048847033712e-13
2.031715386326325498e-15,9.410527393942118566e-15,1.353745310401981617e-13
2.205806714380836134e-15,9.364049193133103599e-15,1.346771440820073765e-13
2.390418078241832815e-15,9.318291808857284363e-15,1.340185140116788733e-13
2.490267280479178402e-15,9.273327738921365209e-15,1.333745102322547107e-13
2.558298209222690883e-15,9.229228102261843125e-15,1.327378985070236080e-13
2.579105443216911512e-15,9.186062706935629113e-15,1.320893055581976618e-13
2.509894929510968308e-15,9.143900123462470769e-15,1.315341394858245340e-13
2.541107226546160763e-15,9.102807763362610827e-15,1.309774474592168091e-13
2.618282411579698280e-15,9.062851962751186108e-15,1.304376254642718449e-13
2.624160717853917215e-15,9.024098070868350868e-15,1.298140098958743507e-13
2.550680370743087839e-15,8.986610543442989144e-15,1.292956263855664901e-13
2.588806292571115644e-15,8.950453040810101348e-15,1.286812224205300937e-13
2.548959881664178924e-15,8.915688530721144882e-15,1.281661334849672805e-13
2.474954589676175829e-15,8.882379395811175309e-15,1.277383871439499878e-13
2.585467263212679704e-15,8.850587545707900664e-15,1.272166877453005706e-13
2.620957428050806709e-15,8.820372536702210889e-15,1.268854881355021778e-13
2.645647195635286667e-15,8.791733866107687593e-15,1.264592847392120961e-13
2.667348526321732615e-15,8.764590101019740650e-15,1.260867546722591473e-13
2.831219189904193268e-15,8.738844241891794797e-15,1.257453322810511241e-13
2.821666207841947387e-15,8.714400314095801818e-15,1.253465441371560091e-13
2.842854259892010917e-15,8.691163886154239084e-15,1.250369475039662667e-13
2.697988869302153224e-15,8.669041941852571794e-15,1.246989450454360613e-13
2.719796080159396500e-15,8.647942762628485483e-15,1.243513007999348346e-13
2.969515538169629901e-15,8.627775819928511759e-15,1.240498430005425048e-13
3.101712245988005347e-15,8.608260552553234974e-15,1.237686227600572282e-13
2.949948668456784528e-15,8.589615175946746895e-15,1.235790518486510739e-13
2.862399115587390061e-15,8.571731908028179655e-15,1.233251323830945174e-13
2.878581780854005436e-15,8.554424775129305152e-15,1.230508410677609904e-13
2.847541968742589402e-15,8.537608042547510194e-15,1.227697605550490798e-13
2.821164906407015641e-15,8.521196710960984340e-15,1.225817351028193888e-13
2.822822824630490717e-15,8.505106473020834479e-15,1.223475540666777320e-13
3.008608031400505541e-15,8.489253678312407783e-15,1.221276694646598638e-13
3.116228045665576254e-15,8.473555306566479394e-15,1.218329536879710370e-13
3.227655361380454242e-15,8.457928949009326338e-15,1.216645398056992415e-13
3.081042643486767159e-15,8.442292797747054723e-15,1.214359629886735090e-13
3.012099802057657106e-15,8.426565644702587579e-15,1.212043656099944765e-13
2.986177505570967264e-15,8.410670230157297103e-15,1.209414138309774235e-13
2.991669082289691778e-15,8.394556366041463969e-15,1.208224400572498185e-13
2.680713169166097454e-15,8.378223354652268613e-15,1.205945938014997634e-13
2.555872322502773863e-15,8.361679364476000661e-15,1.203246379685988394e-13
2.478728317529426736e-15,8.344932527085585763e-15,1.199805474174069223e-13
2.571991031647271753e-15,8.327990935264224711e-15,1.198172965445524454e-13
2.708044384484607313e-15,8.310862641202546501e-15,1.195137296883872551e-13
2.756987044337829759e-15,8.293555654770502816e-15,1.193271450322511685e-13
2.789619412866580374e-15,8.276077941863377562e-15,1.190493661991958182e-13
2.944210144045067451e-15,8.258437422821062657e-15,1.188096340042105769e-13
2.908691274754212345e-15,8.240641970921212213e-15,1.185469207365373733e-13
2.873683335239606223e-15,8.222699410944277733e-15,1.182946367648929302e-13
2.893333482475984101e-15,8.204617517811074325e-15,1.180514330603556596e-13
2.768193588514622510e-15,8.186403951125067054e-15,1.178004402628103706e-13
2.670186634079537297e-15,8.168061831615033462e-15,1.175125489367482848e-13
2.689240695422270700e-15,8.149578761003464612e-15,1.172592412289203930e-13
2.696599393841224257e-15,8.130928715965272296e-15,1.169612167435702894e-13
2.773077088911367040e-15,8.112084772998938152e-15,1.166792621551927778e-13
2.869212122935594346e-15,8.093020281950378775e-15,1.164530599787029548e-13
2.886796274295891324e-15,8.073708873054356032e-15,1.161948421617940659e-13
2.918540539711524405e-15,8.054124464835658969e-15,1.158867129416769801e-13
2.944925223576903193e-15,8.034241272850611930e-15,1.156527782645756517e-13
2.966756745650038649e-15,8.014033819250253862e-15,1.153844614604396649e-13
2.950802120782268551e-15,7.993476943145049228e-15,1.150721815307104157e-13
2.976881972702363340e-15,7.972545852630644936e-15,1.147755267448089957e-13
3.056223131534315942e-15,7.951232079466308036e-15,1.144290646683426388e-13
3.059957525774005255e-15,7.929587135627572041e-15,1.143662743272384596e-13
3.015929590990413048e-15,7.907715611125918135e-15,1.148916665624292180e-13
3.082967532597244197e-15,7.885728134687831953e-15,1.152463486343744647e-13
3.162562196008974257e-15,7.863734140661428838e-15,1.149778000009419358e-13
3.129925301200300400e-15,7.841841860269239115e-15,1.145242587422958006e-13
2.934747025938796891e-15,7.820158327876081899e-15,1.134871412695218964e-13
2.750240700183132648e-15,7.798789401986477159e-15,1.123958500147498013e-13
2.705708955382412287e-15,7.777839800691282186e-15,1.118967991538413286e-13
2.655333409583105033e-15,7.757413151293719452e-15,1.115890022521577577e-13
2.738089736410753025e-15,7.737612053861150251e-15,1.113384455072215366e-13
2.868509614348718225e-15,7.718538158470116810e-15,1.110539582676586353e-13
2.873710795812162440e-15,7.700292255938553500e-15,1.107660293907489015e-13
2.875640332564086530e-15,7.682974381871248556e-15,1.105155371926923721e-13
2.892698063031548088e-15,7.666683933879988156e-15,1.102929806606476162e-13
2.922878489276398159e-15,7.651519446265348114e-15,1.100665678099104636e-13
2.965169081126448593e-15,7.637553420670862897e-15,1.099218830231092025e-13
2.976058161788638783e-15,7.624797690391714394e-15,1.097558427909903578e-13
3.038921524912795181e-15,7.613230750943298494e-15,1.095814303151227253e-13
3.055464668709755770e-15,7.602829023508345977e-15,1.094311754117293175e-13
3.145904750883650859e-15,7.593569568612950731e-15,1.092932402688362654e-13
3.214228099726776167e-15,7.585430054974660871e-15,1.091522318353928594e-13
3.219732088630481043e-15,7.578388729381066736e-15,1.090694998326547310e-13
3.091339536823469675e-15,7.572424387551126560e-15,1.089460485986927159e-13
3.079599121891162624e-15,7.567516345931978633e-15,1.089167940598551819e-13
3.127429556975912861e-15,7.563644414386994304e-15,1.088528220324780800e-13
3.137414562357989064e-15,7.560788869733869634e-15,1.088071863927039525e-13
3.172992316316915610e-15,7.558930430093210094e-15,1.088321736387813504e-13
3.201097821155193994e-15,7.558050230010107454e-15,1.087741163590542351e-13
3.293464404873158337e-15,7.558129796312900858e-15,1.087756134177958618e-13
3.326589116199379432e-15,7.559151024676373352e-15,1.087698673243838880e-13
3.299397203931946272e-15,7.561096156857081557e-15,1.088393076886693967e-13
3.348589669497273053e-15,7.563947292873312912e-15,1.088821338002409369e-13
3.370217292863320795e-15,7.567611634431301911e-15,1.088896281518756614e-13
3.457339580757148268e-15,7.571802107127071243e-15,1.089922399174736495e-13
3.451214463716816675e-15,7.576135434659994753e-15,1.090322107696750601e-13
3.525272282155912060e-15,7.580218115228151477e-15,1.090482588183516918e-13
3.612019357939769037e-15,7.583655824938303007e-15,1.091275281579709248e-13
3.578922589160886004e-15,7.586053650760343201e-15,1.092540370953340175e-13
3.661549524548255445e-15,7.587016528830395188e-15,1.091752851301180041e-13
3.737820276427724260e-15,7.586149888149347739e-15,1.091882638576454394e-13
3.778139979547474970e-15,7.583060498935470579e-15,1.091808618899061723e-13
3.745776062299012655e-15,7.577357523804400225e-15,1.091128121217740978e-13
3.685490918952408979e-15,7.568653768570649263e-15,1.089278839011327682e-13
3.564517954391285896e-15,7.556567127802625745e-15,1.087457675571356039e-13
3.532821615519672169e-15,7.540722218325459303e-15,1.085024358372525126e-13
3.593692340009956804e-15,7.520759000583373427e-15,1.082221937968796650e-13
3.633745033323640241e-15,7.496644112120697455e-15,1.079169264524716136e-13
3.646898825795946031e-15,7.468914142833487552e-15,1.075213461687959533e-13
3.620520221979585571e-15,7.438308939379239991e-15,1.070558557751090861e-13
3.749976976701542995e-15,7.405573501843314232e-15,1.065903240145696505e-13
3.777222041234687913e-15,7.371442649873140166e-15,1.060802451875981671e-13
3.827032279922651962e-15,7.336639300786080331e-15,1.055642589813371700e-13
3.863938210540707901e-15,7.301873463590812634e-15,1.051052807087226060e-13
3.797487989432966457e-15,7.267841929166985592e-15,1.046109384512110862e-13
3.689926183095697944e-15,7.235228635054886653e-15,1.041670048725650892e-13
3.490318689993930232e-15,7.204705683363496482e-15,1.037631682340088619e-13
3.515373372297226412e-15,7.176934992134172005e-15,1.033319184539827442e-13
3.623661975140523577e-15,7.152570564024594081e-15,1.029418916614931352e-13
3.620436624476572579e-15,7.132261361333676849e-15,1.026602492851892349e-13
3.627589165471349515e-15,7.116626838659299744e-15,1.024573839987984738e-13
3.611699985660707985e-15,7.105762810737719058e-15,1.023069161325663284e-13
3.484447852695733787e-15,7.099129759357435609e-15,1.022125451304547389e-13
3.324919609766721672e-15,7.096015855323663751e-15,1.021547136503592227e-13
3.210516011930367762e-15,7.095710834987349166e-15,1.022272397616807046e-13
3.158310701413916137e-15,7.097508563549661767e-15,1.022434171392655406e-13
3.136107654486307605e-15,7.100704591629117235e-15,1.022617139519337886e-13
2.971788467456184691e-15,7.104594416443452690e-15,1.023406344687015383e-13
2.730567356414994200e-15,7.108472443647875518e-15,1.026442567444681008e-13
2.336575194473995707e-15,7.111631649730817439e-15,1.030282985252179687e-13
1.719209886424622650e-15,7.113363946780825256e-15,1.032712689245739576e-13
1.217774789754294865e-15,7.112961251393760324e-15,1.033152312166629721e-13
1.248644409461667816e-15,7.109717257486870188e-15,1.030783840220557069e-13
1.792926666140094455e-15,7.102929908825928500e-15,1.027417184745891266e-13
2.358691293681515473e-15,7.091904561167252922e-15,1.023014915450253183e-13
2.693332481693626650e-15,7.076008749062540386e-15,1.019194700217949176e-13
2.839250959723443079e-15,7.055184764263793512e-15,1.016164955431179664e-13
2.910252265599103071e-15,7.029921199954504255e-15,1.012935795896358973e-13
2.975023355198001090e-15,7.000841491409283549e-15,1.008820917803051255e-13
3.060758668620557495e-15,6.968568210558540222e-15,1.004062107388507327e-13
3.152345761458804984e-15,6.933718254015510767e-15,9.989236746233649616e-14
3.163654198412934602e-15,6.896900376217889657e-15,9.936825444564394223e-14
3.225815096880718276e-15,6.858713253748795590e-15,9.880055018218772394e-14
3.136401333301983213e-15,6.819744071206510605e-15,9.825615727343662681e-14
3.129356742557448230e-15,6.780567615013722323e-15,9.769600499564966186e-14
3.074068101946485709e-15,6.741745858814723377e-15,9.713695654683688592e-14
3.103977318083091756e-15,6.703828022553116247e-15,9.656833396111489628e-14
3.169201820628771418e-15,6.667351086902747849e-15,9.603848151814263871e-14
3.168792285070645202e-15,6.632840745379452924e-15,9.554794320430398574e-14
3.178626981174102601e-15,6.600812778132164691e-15,9.506808628680118289e-14
3.229153926229767202e-15,6.571718233479274716e-15,9.467303539426251192e-14
3.353094002143865086e-15,6.545634935543030277e-15,9.429907229114155207e-14
3.439101994002642219e-15,6.522352276874741702e-15,9.390916405289539538e-14
3.486511032759715235e-15,6.501603733729966184e-15,9.361769087306859670e-14
3.503378655829241501e-15,6.483128853922738160e-15,9.338542543644870932e-14
3.467932611340137271e-15,6.466672452834553320e-15,9.312568193848269338e-14
3.455577062121634869e-15,6.451983800034334066e-15,9.294014046929378755e-14
3.501532186152784848e-15,6.438815907230665847e-15,9.271911784197235676e-14
3.549747249933554490e-15,6.426924913814871206e-15,9.252092369154274290e-14
3.627759240034065128e-15,6.416069566954606642e-15,9.239410259092251861e-14
3.756260980646958085e-15,6.406010793790215530e-15,9.225893589684387029e-14
3.739669729678426702e-15,6.396511363780388728e-15,9.210696138530688766e-14
3.764713408790199533e-15,6.387335639639202798e-15,9.197415405438811757e-14
3.860557388287675088e-15,6.378249415609557518e-15,9.181503284155052031e-14
3.902630687204319498e-15,6.369019842029027883e-15,9.168342643473691130e-14
3.944269239014098043e-15,6.359415435265003165e-15,9.157124769101081713e-14
3.906465686568650442e-15,6.349221446119114360e-15,9.142555678087531051e-14
3.890154570508354077e-15,6.338349517993469402e-15,9.125950031223636770e-14
3.898722791165896842e-15,6.326840719701934373e-15,9.108937497440871993e-14
3.982115098569800901e-15,6.314771867343034742e-15,9.091179255953786003e-14
3.999019495611600053e-15,6.302219568665318503e-15,9.067677780292764999e-14
3.927717037845105340e-15,6.289259969399048887e-15,9.049927488884211837e-14
3.939351717043893732e-15,6.275968700434234338e-15,9.032634799329793214e-14
4.021078933774140573e-15,6.262420834100337618e-15,9.014072287999524535e-14
4.087058254069677513e-15,6.248690849452114824e-15,8.992310992887419802e-14
4.016417533950997562e-15,6.234852606452679722e-15,8.971290978015187173e-14
3.914150935338014808e-15,6.220979328934478957e-15,8.955361648835456687e-14
3.890595447956010694e-15,6.207143596212461330e-15,8.938968166408524751e-14
3.955439474168707384e-15,6.193417343219220712e-15,8.919043536319403495e-14
3.851515131387783043e-15,6.179871869030349958e-15,8.893104047451921678e-14
3.674892689222174818e-15,6.166577853650408580e-15,8.874518150866917772e-14
3.777031379506752404e-15,6.153605382932978004e-15,8.859831535320235048e-14
4.000451398673643488e-15,6.141023981515354288e-15,8.840794127842551289e-14
4.109784583189377518e-15,6.128902653463330681e-15,8.825475046478871001e-14
4.144766939686482476e-15,6.117308985657822614e-15,8.808978371732207706e-14
4.135267337635127069e-15,6.106306076950507039e-15,8.791707498966733151e-14
3.968716133109069875e-15,6.095952725118543988e-15,8.774254872314709638e-14
3.644230891946314990e-15,6.086306796194594822e-15,8.761310329561115490e-14
3.139360397431379873e-15,6.077426000299464775e-15,8.750602576279757223e-14
2.766254135669320848e-15,6.069367963473639173e-15,8.738276763486658803e-14
2.817693892817797672e-15,6.062190305128679728e-15,8.729917713720570089e-14
3.018363177802013251e-15,6.055950721162839343e-15,8.716328237480829515e-14
3.177988490850452079e-15,6.050707072807283605e-15,8.710262471100739912e-14
3.151456779746711677e-15,6.046517481292693692e-15,8.706397036396208399e-14
2.950274747973113853e-15,6.043440428451910336e-15,8.700194346104220084e-14
2.824867304651625003e-15,6.041534863401317456e-15,8.698703678200981300e-14
2.857880736515001918e-15,6.040860315472862211e-15,8.699121585836731894e-14
2.961687236361424745e-15,6.041477013599229407e-15,8.700226153051478848e-14
3.059095229756370191e-15,6.043446012388105945e-15,8.704387966689663811e-14
2.936376834962198947e-15,6.046829325157024942e-15,8.708342563965116088e-14
2.700198002424658598e-15,6.051689851674156465e-15,8.714360056468916924e-14
2.546538082144607621e-15,6.058051850931117338e-15,8.729460524706802686e-14
2.479678206834097682e-15,6.065780277626648540e-15,8.737638553223004180e-14
2.479232977740392851e-15,6.074559746567023961e-15,8.754953760490450399e-14
2.589833851282938114e-15,6.084050992098259318e-15,8.769237459317910300e-14
2.689827567916116053e-15,6.093912977462241479e-15,8.783978824743493964e-14
2.734673627203148150e-15,6.103802589508468491e-15,8.791855976807191487e-14
2.884279486936838604e-15,6.113374525578570460e-15,8.806843469804780738e-14
2.940140489724819280e-15,6.122281374582905878e-15,8.822129678798806724e-14
2.975348726299906253e-15,6.130173894314066574e-15,8.830416319109211457e-14
3.120586546486685606e-15,6.136701486759291001e-15,8.845561410371340189e-14
3.220321593990935617e-15,6.141512872580562966e-15,8.844308674245120796e-14
3.245545531133920566e-15,6.144256965019907623e-15,8.846906617878968698e-14
3.253778598607039714e-15,6.144583942263138032e-15,8.852162448884207890e-14
3.272955650626127413e-15,6.142146515756838341e-15,8.850468587223234266e-14
3.438487422840837273e-15,6.136604224469852726e-15,8.864220363870615682e-14
3.531788578256619376e-15,6.127700338390488372e-15,8.893331421261977624e-14
3.522730960404506748e-15,6.115542497939105930e-15,8.880170173737201778e-14
3.637010932910212145e-15,6.100554613786808504e-15,8.851833673281847931e-14
3.737087228413173014e-15,6.083175631391869705e-15,8.819905067417105585e-14
3.831215996370976250e-15,6.063842905951285601e-15,8.748943407305100855e-14
4.050735725639263698e-15,6.042990673336506807e-15,8.703225160023650153e-14
4.175252072379584499e-15,6.021048829096399772e-15,8.674874967735949384e-14
4.077056593822408804e-15,5.998442012972902130e-15,8.642155564257739481e-14
4.196184437666970960e-15,5.975588994279870100e-15,8.608958462794529788e-14
4.146061499696667887e-15,5.952902351996527796e-15,8.571085690622994572e-14
4.237285503902375675e-15,5.930788442512033445e-15,8.537461136424916735e-14
4.401727227965455488e-15,5.909647647607704879e-15,8.512857882492384211e-14
4.425232370254346793e-15,5.889874895460393722e-15,8.480410797121101445e-14
4.294987559492785756e-15,5.871860448173730052e-15,8.463970735075936717e-14
4.186331682024277846e-15,5.855990950576002323e-15,8.456567115933185649e-14
3.946866149859689335e-15,5.842650386946501977e-15,8.431185603681640632e-14
3.843442949108724688e-15,5.832160273662708440e-15,8.418575459335278634e-14
3.866217738030066360e-15,5.824532755781083822e-15,8.396645782080917375e-14
3.734145411857409469e-15,5.819646690173615284e-15,8.378940305479001445e-14
3.530081492573966449e-15,5.817203670301778020e-15,8.375112682195853846e-14
3.363935891042278862e-15,5.817001698409542964e-15,8.371312594304384770e-14
3.531077197603114269e-15,5.818841548709168974e-15,8.377554671817970434e-14
3.835353912968247301e-15,5.822526035984617818e-15,8.383687084261891813e-14
4.179460959406432756e-15,5.827859355478876551e-15,8.389624094924958907e-14
4.206563466108621364e-15,5.834646491884633765e-15,8.397328358013331098e-14
4.266519354119364469e-15,5.842692695856141071e-15,8.408605782992393752e-14
4.483179448652843013e-15,5.851803026994243917e-15,8.421199066867068557e-14
4.382581244444741402e-15,5.861781962717205365e-15,8.434802376098481791e-14
4.382798563831257215e-15,5.872433072834276349e-15,8.448026419621856043e-14
4.521050295129674058e-15,5.883558759974825007e-15,8.468227366320929708e-14
4.530735643941524514e-15,5.894960066303578283e-15,8.486753885928498941e-14
4.450158478636397122e-15,5.906465461060117767e-15,8.499104134568885267e-14
4.575457407421302127e-15,5.918099162231703886e-15,8.517089341491661659e-14
4.610615839547736503e-15,5.930000273038083670e-15,8.536022744287422921e-14
4.696491607867519276e-15,5.942325652269967429e-15,8.555536981482990120e-14
4.706423146774013961e-15,5.955233573970409990e-15,8.575650514177772657e-14
4.729694001298905841e-15,5.968883805428605660e-15,8.599843493459353284e-14
4.774979883531986021e-15,5.983437783080507023e-15,8.617439246233729545e-14
5.027130461327109397e-15,5.999058810900328843e-15,8.640968786922324547e-14
5.099124128334589162e-15,6.015843231077227984e-15,8.667201921338931795e-14
5.021601972261667992e-15,6.033645498654304821e-15,8.688778483269855343e-14
4.974368454371012695e-15,6.052193875908816999e-15,8.712788035621414924e-14
4.906089270633356054e-15,6.071196244401353587e-15,8.746304769148000322e-14
4.884259283360547794e-15,6.090356925955071913e-15,8.780142270756161820e-14
4.864143173088916232e-15,6.109376534540345463e-15,8.805992664953426729e-14
5.072184698038929909e-15,6.127951973752489991e-15,8.833820410673724806e-14
5.219467460044428698e-15,6.145776583019691774e-15,8.852628748077952899e-14
5.262674627185341860e-15,6.162540435576495672e-15,8.870954085834761296e-14
5.336020449297334176e-15,6.177930790928621462e-15,8.894799080281736726e-14
5.422774127318456290e-15,6.191632704010673267e-15,8.919963957981536209e-14
5.567980883170435178e-15,6.203329917902932973e-15,8.945825044644341354e-14
5.617939792725325073e-15,6.212788352895329385e-15,8.958155733444443349e-14
5.665845517192439674e-15,6.220057403996064863e-15,8.960795575900995896e-14
5.725903588739578123e-15,6.225402011945821053e-15,8.966557263439614672e-14
5.622894036127766799e-15,6.229120978921550976e-15,8.972683089027396278e-14
5.482244376341083771e-15,6.231515280643667898e-15,8.977966848856812121e-14
5.399701140649582338e-15,6.232887351561381228e-15,8.985532534853079932e-14
5.338378566467652092e-15,6.233540514907764631e-15,8.988137070224906181e-14
5.265288581638616617e-15,6.233778559201288155e-15,8.987080424188582574e-14
5.204801526608634321e-15,6.233905462096604922e-15,8.986055364912487686e-14
5.109679366683631859e-15,6.234225262012410596e-15,8.980870831603893711e-14
5.098477899282632328e-15,6.235042077688676263e-15,8.978741161492032646e-14
5.348484522681636863e-15,6.236660275751295158e-15,8.977236801810928830e-14
5.426276131818144721e-15,6.239384786489266005e-15,8.981727666017710614e-14
5.269848244475133518e-15,6.243521568377917235e-15,8.992276595684350636e-14
5.124798648058395801e-15,6.249374410427448241e-15,9.004066433477303688e-14
5.128626831846723827e-15,6.257146902080922856e-15,9.013874760465832429e-14
5.105069482756665005e-15,6.266760156786841011e-15,9.020034569680375735e-14
5.251206831830341269e-15,6.277925815503212595e-15,9.035954349010301693e-14
5.185505859213441860e-15,6.290344341229683066e-15,9.057384629253076618e-14
5.108129006700090525e-15,6.303714676691184442e-15,9.077954805704727634e-14
5.018695271256765217e-15,6.317733709923675669e-15,9.103974495991848029e-14
4.936499851269822768e-15,6.332095884925397066e-15,9.146296881940397564e-14
5.014079457671688592e-15,6.346492958984990588e-15,9.132790039798701626e-14
4.967388473997860216e-15,6.360613908727392149e-15,9.154683360075381099e-14
4.901194625672353473e-15,6.374144987149917102e-15,9.171893089905913451e-14
4.853540167155443647e-15,6.386769933949806296e-15,9.193676091969721000e-14
4.688862615373133332e-15,6.398170341263039210e-15,9.208492925845210006e-14
4.685487670903042962e-15,6.408026176544603080e-15,9.223175191920188927e-14
4.657743077724676725e-15,6.416016463712154913e-15,9.232607664920914547e-14
4.714057661820038930e-15,6.421827233420930195e-15,9.246563187151947404e-14
4.732897169565494397e-15,6.425243634509673636e-15,9.247841195338152279e-14
4.535316415253980434e-15,6.426462252722439737e-15,9.240398796187351083e-14
4.377108737778714492e-15,6.425849018074939044e-15,9.242963304640779105e-14
4.296274687853829596e-15,6.423772072315340950e-15,9.242243300487284701e-14
4.215742554660369821e-15,6.420600280540059888e-15,9.240990676312848847e-14
4.256103437983423871e-15,6.416702494263076774e-15,9.233719033656207974e-14
4.213719644784233358e-15,6.412415189454332542e-15,9.232121583324496526e-14
4.294780177900976728e-15,6.408141115905128581e-15,9.222457792201131114e-14
4.190648268871317423e-15,6.404299976261217759e-15,9.214464502791494976e-14
3.961590048828309373e-15,6.401219543531099575e-15,9.214708572515854903e-14
3.728803908471284055e-15,6.399265014072084671e-15,9.210754289068342224e-14
3.778373301318304210e-15,6.398801628188740915e-15,9.200678179262167293e-14
3.841250056177302956e-15,6.400195422375223290e-15,9.208329649278654888e-14
3.830218428195410897e-15,6.403814191278133202e-15,9.213989274663034706e-14
3.858540923465041956e-15,6.410027803092465062e-15,9.227215455336970407e-14
3.846981605243386222e-15,6.419013546443636267e-15,9.237298105183954776e-14
3.735027610696833878e-15,6.430492281294773651e-15,9.257621333990618096e-14
3.724721407303334265e-15,6.444071104071460629e-15,9.278373968532982718e-14
3.799040967763234722e-15,6.459347228869209740e-15,9.295044892514426820e-14
3.821371530429420112e-15,6.475915524986083449e-15,9.319295459326442456e-14
3.881291373879667783e-15,6.493367572675233700e-15,9.347604686749340060e-14
3.869121130797819052e-15,6.511290975249946600e-15,9.373437938024671680e-14
3.944470923610450515e-15,6.529268930955128219e-15,9.400331377039289530e-14
3.781004186768612485e-15,6.546880069006492389e-15,9.421131864410542079e-14
3.602954601845248862e-15,6.563698554716618292e-15,9.445587623916421757e-14
3.582830615095533196e-15,6.579322360382686835e-15,9.464698760307893568e-14
3.606910968209985361e-15,6.593599140945113594e-15,9.486464152406452349e-14
3.695579779293093096e-15,6.606597203217423062e-15,9.503743422997104034e-14
3.724878209276892446e-15,6.618441295462677258e-15,9.521984196025977541e-14
3.608516836851562538e-15,6.629258267843483333e-15,9.540918026236061253e-14
3.555287833277878609e-15,6.639176358315179083e-15,9.555698100269486830e-14
3.543880537098937804e-15,6.648325003416755188e-15,9.575000085667990423e-14
3.598048578873002960e-15,6.656834673758301859e-15,9.594301137840309620e-14
3.651685731923873148e-15,6.664836734703220510e-15,9.614552419480029951e-14
3.645768691645824483e-15,6.672463332659531488e-15,9.625722593224233155e-14
3.597666575380117921e-15,6.679847307324928846e-15,9.630201350243255444e-14
3.581853924834505362e-15,6.687122130174662575e-15,9.635649100366343196e-14
3.619052202625370809e-15,6.694421761489030280e-15,9.640020320687380523e-14
3.541972834831145238e-15,6.701860723501501390e-15,9.655459849333176963e-14
3.436630756830842284e-15,6.709492266144103585e-15,9.675741528012103731e-14
3.357094211132598286e-15,6.717319641490291693e-15,9.687354884988992387e-14
3.076699055763146261e-15,6.725339999394399117e-15,9.700153419704038156e-14
2.750614833597059649e-15,6.733550489844144595e-15,9.708698939511089137e-14
2.836543228903253733e-15,6.741948262050756875e-15,9.710991331303382699e-14
3.215705307746061101e-15,6.750530463552893418e-15,9.720334600982261399e-14
3.305631934884923024e-15,6.759294239334078587e-15,9.732183908860764544e-14
3.296287561232890800e-15,6.768236730953557220e-15,9.745980871672543695e-14
3.266066093972222464e-15,6.777355075690460216e-15,9.755644620475268396e-14
3.266939522588369262e-15,6.786646405701279006e-15,9.771196997970732280e-14
3.483457439223133010e-15,6.796107847190383039e-15,9.786987120320368552e-14
3.689792468536265335e-15,6.805736519593945546e-15,9.804257990656142684e-14
3.829714573705039492e-15,6.815529534776543926e-15,9.821828758235526651e-14
3.804042423434631494e-15,6.825483996241199959e-15,9.840745759296651368e-14
3.905875009486868451e-15,6.835596998351951072e-15,9.852174391156442111e-14
4.265956479195161747e-15,6.845865625569911919e-15,9.858223292333940913e-14
4.540553638444707209e-15,6.856286951702096566e-15,9.872208020103535684e-14
4.589332467743840769e-15,6.866858039162926361e-15,9.890359199385018900e-14
4.610359886039887744e-15,6.877575938249289639e-15,9.908479490569597692e-14
4.886801319896892929e-15,6.888437686428070156e-15,9.926816321182582529e-14
4.898243597951135585e-15,6.899440307637365429e-15,9.940412355238040543e-14
4.930340501111935212e-15,6.910580811600185633e-15,9.954954886693672377e-14
4.978170299519204402e-15,6.921856193151321747e-15,9.961470156131485780e-14
5.017827690710175335e-15,6.933263431578215982e-15,9.986523086988681118e-14
5.100089130141897704e-15,6.944799489312995686e-15,1.000787573410334213e-13
4.963059284422171969e-15,6.956460831737645301e-15,1.002168695541393092e-13
5.003132904659274386e-15,6.968225661706116834e-15,1.003276436842422872e-13
4.984785398204072488e-15,6.980148821463084396e-15,1.005166123438090226e-13
5.037252296287623674e-15,6.991957860796640369e-15,1.005517510941662301e-13
5.170818659452899050e-15,7.003538431200171889e-15,1.008016712480798849e-13
5.260409778031750882e-15,7.014882306761963911e-15,1.009135736427388773e-13
5.297317892314969368e-15,7.025901735698779026e-15,1.011271258412225392e-13
5.231375451125931950e-15,7.036508463145161518e-15,1.013035923450081069e-13
5.228933085275280690e-15,7.046613777193837604e-15,1.014330055214875943e-13
5.376021279736186675e-15,7.056128566017255071e-15,1.015893023255119402e-13
5.540999354987653564e-15,7.064963386142826450e-15,1.017142499897178305e-13
5.542139458883771939e-15,7.073028541930959469e-15,1.018065586369459329e-13
5.897597875985365973e-15,7.080234176279995759e-15,1.019008789404664719e-13
6.158800060019598262e-15,7.086490372551098500e-15,1.019990296782571526e-13
6.185549682861468845e-15,7.091707267675800331e-15,1.021340945681916048e-13
6.328485698063756288e-15,7.095795176367395648e-15,1.021855426286360980e-13
6.341908003359398980e-15,7.098664726320224199e-15,1.021795749587427835e-13
5.852984515456848951e-15,7.100230824351474743e-15,1.022218768169650361e-13
5.423392055143922527e-15,7.100555876109587596e-15,1.021808892725064563e-13
5.180767306332705225e-15,7.099932671991961835e-15,1.021917260461881559e-13
5.393679808112601126e-15,7.098728869317861214e-15,1.022017053970634668e-13
5.432355804058662289e-15,7.097316599146220323e-15,1.021258401280553053e-13
5.487245405178035860e-15,7.096067769480250867e-15,1.021369330855028135e-13
5.535487297927247498e-15,7.095354055858624285e-15,1.021348747701075822e-13
5.176676509784746064e-15,7.095547086122229213e-15,1.021158926008295527e-13
4.725374103402973735e-15,7.097018819324836546e-15,1.021213328453161315e-13
4.660737223787348606e-15,7.100142119171288061e-15,1.022081009839380806e-13
4.771162862322423352e-15,7.105235008841656736e-15,1.022683106484107251e-13
4.946202155370117951e-15,7.112362648894363896e-15,1.023876617116396184e-13
5.111702126151297750e-15,7.121383412850030541e-15,1.025592311764332349e-13
5.190057148733406006e-15,7.132115967208825083e-15,1.026846936618271548e-13
5.145741765431761273e-15,7.144379175470572583e-15,1.028052217235826668e-13
4.710392861865320662e-15,7.157991678563989039e-15,1.030069651489764498e-13
4.192930943175344121e-15,7.172771522202003177e-15,1.032302459295974827e-13
4.092306813172980209e-15,7.188535830955743459e-15,1.033886105374303103e-13
4.198786608152342172e-15,7.205100529092901639e-15,1.036080303919407077e-13
4.322986125578891742e-15,7.222280108445724187e-15,1.039347923645993561e-13
4.446166352576648577e-15,7.239889766991106454e-15,1.042221236634153473e-13
4.558102089513328111e-15,7.257785232126573379e-15,1.044712354566372788e-13
4.647308243065500558e-15,7.275911526207990646e-15,1.047676222711120590e-13
4.590957739230692166e-15,7.294265943734794153e-15,1.049764071743299371e-13
4.562401921742741052e-15,7.312847468554111992e-15,1.052357945614757896e-13
4.694459245183629761e-15,7.331655079734346948e-15,1.055269193895729236e-13
4.785910856490887497e-15,7.350687750982795207e-15,1.057866918292221269e-13
4.833559400492837404e-15,7.369944450065101526e-15,1.060419673227406552e-13
5.007528992240326834e-15,7.389424138225473290e-15,1.063272639484349648e-13
4.834270791805288674e-15,7.409125769608464399e-15,1.065597272513972046e-13
4.718888840078205954e-15,7.429048290681600084e-15,1.068116933493378437e-13
4.560363500462239333e-15,7.449190639659601533e-15,1.071292218922610961e-13
4.583530414542651261e-15,7.469551745929247914e-15,1.074523724839248681e-13
4.940523165112969895e-15,7.490130529475519510e-15,1.077199545844346220e-13
5.270126767025140936e-15,7.510925900308878391e-15,1.080844563787994178e-13
5.351147443362793203e-15,7.531933326932419205e-15,1.083324892348871880e-13
5.314297812847113385e-15,7.553113497596543895e-15,1.086785676102098067e-13
5.367838625788008465e-15,7.574323456084293804e-15,1.091643398492032174e-13
5.613317950645958598e-15,7.595388236197991062e-15,1.096848725747580092e-13
5.302520729560906505e-15,7.616130929955753578e-15,1.101624046464145785e-13
5.310246637539630864e-15,7.636372746043936096e-15,1.104544059992511762e-13
5.385662165290565513e-15,7.655933104352865821e-15,1.106947179041844644e-13
5.740130568599755671e-15,7.674629772717655670e-15,1.106746310082662929e-13
5.930886933221706537e-15,7.692279046502641782e-15,1.108097446173493724e-13
5.998073443047639695e-15,7.708927851308278488e-15,1.109589961705357034e-13
6.071900830774164985e-15,7.723896143194891247e-15,1.115451415802977059e-13
5.967598972122797448e-15,7.737229930003673444e-15,1.118505635940082392e-13
5.905922410373691191e-15,7.748915391080979000e-15,1.120888887017895468e-13
5.886138440267981687e-15,7.759054307301292390e-15,1.122404333221123684e-13
6.303311074179368578e-15,7.767758480382629986e-15,1.121880659448655212e-13
6.352125348276970195e-15,7.775141292909984941e-15,1.121191446013723929e-13
6.342348810927333231e-15,7.781317289190548730e-15,1.121529361557091225e-13
6.297564643032048887e-15,7.786401986887154974e-15,1.122113216307818300e-13
6.231570545510727786e-15,7.790511705171216876e-15,1.123652166139959338e-13
6.236545582386741216e-15,7.793763409762450348e-15,1.125417678155627708e-13
6.510173916172860174e-15,7.796274575154195422e-15,1.125768877894334892e-13
6.642405887692415150e-15,7.798163064262838602e-15,1.126539057564747593e-13
6.682866319576445923e-15,7.799547025684904066e-15,1.125831130995444387e-13
6.693885826749890265e-15,7.800544808700176789e-15,1.124677046369303175e-13
6.683084904996415047e-15,7.801274896116969218e-15,1.126827821100150058e-13
6.630604301640049039e-15,7.801855855027668592e-15,1.126905961840308652e-13
6.599837228472239984e-15,7.802406305514142050e-15,1.126695580368355556e-13
6.728234717608848225e-15,7.803044907328831565e-15,1.126692629991183955e-13
6.911616069794300575e-15,7.803890364566634349e-15,1.124877558461307704e-13
6.744495542193365285e-15,7.805061448341113472e-15,1.124559943587547513e-13
6.594389291937145361e-15,7.806677037484895895e-15,1.125599602474533185e-13
6.717958841842948896e-15,7.808858210794462578e-15,1.126328622181701214e-13
6.758880408119742751e-15,7.811753037177749358e-15,1.126370692725128999e-13
6.675815901345652763e-15,7.815541084041088085e-15,1.126990834564860851e-13
6.724382702920274057e-15,7.820412839154763827e-15,1.126783689181454474e-13
6.835808239509324239e-15,7.826559886001444658e-15,1.127062786271920366e-13
6.951754459222430250e-15,7.834174978366225625e-15,1.128599575165826604e-13
7.047830934999828631e-15,7.843452375303213329e-15,1.130581909391654615e-13
7.114764066884060683e-15,7.854588224632009822e-15,1.132519525806479219e-13
6.975651855442656795e-15,7.867780996095522735e-15,1.133611000423510011e-13
6.751566954188339370e-15,7.883231965592235500e-15,1.135574663557555555e-13
6.708959150843343007e-15,7.901145752215861558e-15,1.137998234491053216e-13
6.861302991627306392e-15,7.921730910192417450e-15,1.140160175572352197e-13
7.034662609657738625e-15,7.945200578204580684e-15,1.143536328616516277e-13
7.141884621952011025e-15,7.971773189038412459e-15,1.147790312443407374e-13
7.224669576126076055e-15,8.001673242979730302e-15,1.152630989400489787e-13
7.313835205318747744e-15,8.035132148933225448e-15,1.157288424029131147e-13
7.314318545459557591e-15,8.072389137841220174e-15,1.161928787971039156e-13
6.959806297040453871e-15,8.113692253647149201e-15,1.167458652116750476e-13
6.873613157059438447e-15,8.159299427786934330e-15,1.173935269838751732e-13
7.122662398979550851e-15,8.209479644008856521e-15,1.181258631472825942e-13
7.428408679559857214e-15,8.264498832637378453e-15,1.189655029164342655e-13
7.340192826840437092e-15,8.324483475421822163e-15,1.198961541619325424e-13
7.291511116083544458e-15,8.389258174406410274e-15,1.208873778797061415e-13
7.200484559380671392e-15,8.458517357280780403e-15,1.218837523166870746e-13
7.212221127628454630e-15,8.531948631304137331e-15,1.229345038535272951e-13
7.162051940509890637e-15,8.609231849065409796e-15,1.240693894710001175e-13
7.269434001133638424e-15,8.690037354593631696e-15,1.251075000147834349e-13
7.523787516483353124e-15,8.774024354623579773e-15,1.262295935599611118e-13
7.700826550858424999e-15,8.860839420226183715e-15,1.275123173063550888e-13
7.752483844572955081e-15,8.950115125960328959e-15,1.287696250360664946e-13
7.667722710541392269e-15,9.041468835501470972e-15,1.300865350299384483e-13
7.524865557356841418e-15,9.134501644345140654e-15,1.313803432293201856e-13
7.523580504068346376e-15,9.228797491650173220e-15,1.328758250725425113e-13
7.578567796583841011e-15,9.323922454563901724e-15,1.343966055611202575e-13
7.857148630903379583e-15,9.419424239432050475e-15,1.357629785028129996e-13
8.080299628757929079e-15,9.514831885114959606e-15,1.371430089425595832e-13
8.235133470587608618e-15,9.609655694186953434e-15,1.384205982935102636e-13
7.971288070114753777e-15,9.703387408044069635e-15,1.395120928014347728e-13
7.863061471187683883e-15,9.795500641873758235e-15,1.408434843633539651e-13
8.007293554254071417e-15,9.885460906839768919e-15,1.422425963728638738e-13
8.344950592892311904e-15,9.972913346064666365e-15,1.433895079500092363e-13
8.678386778161664563e-15,1.005834924331087365e-14,1.445294000032561130e-13
8.536038435230899632e-15,1.014256002238554346e-14,1.461580836619972318e-13
8.072585465566414476e-15,1.022656790411189686e-14,1.471778916534371079e-13
7.888341599215949977e-15,1.031180050342151058e-14,1.485854131231414272e-13
8.674253459836836999e-15,1.039743282125104041e-14,1.498717300502440284e-13
8.870743697048594838e-15,1.048528557612297233e-14,1.510304008387763048e-13
8.927526910709231610e-15,1.057561196785103278e-14,1.521647404470981991e-13
8.076095705250449541e-15,1.066821854759716823e-14,1.535295766480001134e-13
5.893213827306743937e-15,1.076288734426846220e-14,1.547754577023022668e-13
3.633327891160481248e-15,1.085939195255230540e-14,1.562162383841720277e-13
2.471902595932843916e-15,1.095749737958105406e-14,1.575815107043867404e-13
2.507740606824881290e-15,1.105695964003790849e-14,1.589026253913010201e-13
3.564830013043901829e-15,1.115752540363353802e-14,1.604277275521286605e-13
5.006728607102613549e-15,1.125893169870200255e-14,1.619537405039522048e-13
5.058564078668428783e-15,1.136090567587780047e-14,1.633923670864435877e-13
4.466542948975961180e-15,1.146316443599972014e-14,1.649592690522413580e-13
4.286216280219840880e-15,1.156541492652348705e-14,1.663945994033962514e-13
4.570362040076589722e-15,1.166735391082272891e-14,1.678056742187818531e-13
5.115406166446543639e-15,1.176866801479919778e-14,1.692186031997445191e-13
5.496614290201290490e-15,1.186903385521690717e-14,1.706239506289731807e-13
5.741612325418475923e-15,1.196811825410720709e-14,1.718834253628852593e-13
5.722647439438402506e-15,1.206557854346029594e-14,1.734586551575190600e-13
5.705321395442653451e-15,1.216106296422628118e-14,1.748348853634713309e-13
5.534278331393580351e-15,1.225421116337848357e-14,1.761686657157578365e-13
6.326239631792475872e-15,1.234465479245252030e-14,1.774585974721660957e-13
7.082525691570073331e-15,1.243201821055630938e-14,1.787503562131780423e-13
7.193205574014488690e-15,1.251591929434748126e-14,1.799007964033937845e-13
7.048499980688865739e-15,1.259597035689473994e-14,1.810946063411759852e-13
7.033592884844935431e-15,1.267177917667591955e-14,1.822053901043181306e-13
6.693789781530567149e-15,1.274295013722098196e-14,1.832620822053016033e-13
6.144190861494147517e-15,1.280908547707788730e-14,1.842948889126705606e-13
6.543444622905606285e-15,1.286978664887012896e-14,1.854982819952171159e-13
7.304419696331915643e-15,1.292465578523133074e-14,1.865384001906196081e-13
7.323480183620714179e-15,1.297329726834107137e-14,1.873075669922460417e-13
6.981574281139836545e-15,1.301531939866188321e-14,1.879308023173596080e-13
6.716248940904213293e-15,1.305034065985357366e-14,1.882003661689628917e-13
6.509193859640145779e-15,1.307898439580860942e-14,1.882806924259298660e-13
6.545038643767908718e-15,1.310473460702344184e-14,1.884320251238197778e-13
6.687590142647090850e-15,1.313288899806904095e-14,1.890166976138108720e-13
6.624880634802565043e-15,1.316900425010267817e-14,1.898088267409677312e-13
6.407131937702125580e-15,1.321871003365002763e-14,1.906415070530888708e-13
6.361948678847784445e-15,1.328775488380707875e-14,1.916824043505924484e-13
6.659397871316907521e-15,1.338207691281664411e-14,1.929873055221947363e-13
6.866320745369187476e-15,1.350790101532630508e-14,1.946452849558566999e-13
6.806800594142132678e-15,1.367186524784158851e-14,1.968053052761150265e-13
6.745730332977818181e-15,1.388118046466947319e-14,1.997377140517237140e-13
6.801697407727752956e-15,1.414382914726771899e-14,2.034975524836303532e-13
6.765216295008260742e-15,1.446841254437212814e-14,2.082589183928766047e-13
6.452787383943978094e-15,1.485906568452783151e-14,2.140300677974422398e-13
6.180011140236943647e-15,1.531118949869506028e-14,2.205530019887503957e-13
6.131526283334883781e-15,1.581546927309340043e-14,2.277823919634633337e-13
6.217184533756477293e-15,1.636129195255970070e-14,2.356811396193272646e-13
6.379514611404880965e-15,1.693645035862512594e-14,2.439234614933847721e-13
6.642452182627922169e-15,1.752684282353562973e-14,2.522783206929915214e-13
6.812959277426881967e-15,1.811627807433262817e-14,2.609940125419253702e-13
6.817163281145611342e-15,1.868643018112445119e-14,2.693069868732061307e-13
7.039134608410742299e-15,1.921955530567366149e-14,2.768295299672022828e-13
7.295304031680457633e-15,1.970589156218832552e-14,2.837279876180402417e-13
7.577270417400592961e-15,2.014480075739698635e-14,2.898933927626974156e-13
7.769989179318842290e-15,2.053747169900649369e-14,2.954421632064220251e-13
7.834098574002633195e-15,2.088579918342240563e-14,3.007655544415599768e-13
7.821276792821913766e-15,2.119231329688380617e-14,3.053695378670196197e-13
7.477067033048123407e-15,2.146010467626491492e-14,3.092132431649012422e-13
7.088052352485754398e-15,2.169274887004449405e-14,3.124088072120169555e-13
7.108993969071375473e-15,2.189423263247256018e-14,3.153101141140467329e-13
7.058970643025334706e-15,2.206888462600881321e-14,3.176974368898905172e-13
7.132261323831213638e-15,2.222131262717292219e-14,3.198346818094193984e-13
7.532524577118531261e-15,2.235634895445480313e-14,3.218109094247766323e-13
7.808228818124635140e-15,2.247900548555834394e-14,3.235353350295359779e-13
7.890708384218869417e-15,2.259443932266217887e-14,3.251192329578414936e-13
7.981150843721317782e-15,2.270792991240528167e-14,3.267631406611842127e-13
7.764540041959132645e-15,2.282486824236867318e-14,3.282786124697301045e-13
7.524040901495056010e-15,2.295075862560096772e-14,3.300241550210672125e-13
7.510738150326030475e-15,2.309123355505887000e-14,3.322818697156702989e-13
7.212708440830862912e-15,2.325207809561142805e-14,3.347048253416568809e-13
6.779899126827582206e-15,2.343876065832182281e-14,3.376132241276206172e-13
6.303270568434662777e-15,2.365443643866366499e-14,3.406626835788587736e-13
6.484568581807177619e-15,2.389917740917061929e-14,3.439578908523025828e-13
6.840152490254556020e-15,2.417275872737918930e-14,3.478444369815632859e-13
7.331198385580721518e-15,2.447501289098226156e-14,3.524493310407462215e-13
7.509541505990655340e-15,2.480582188685621584e-14,3.566991377975217219e-13
6.931015287837618291e-15,2.516510957171418852e-14,3.617073665850853478e-13
6.343855666414697092e-15,2.555283420922098246e-14,3.672905428658707527e-13
6.421489777697341232e-15,2.596898109569668408e-14,3.733534108887705796e-13
7.270717665140819133e-15,2.641355521323590436e-14,3.800940562364602873e-13
7.644608701154552786e-15,2.688657385532622739e-14,3.868151347511469843e-13
7.480447862875153344e-15,2.738805917601290422e-14,3.939198696545845803e-13
7.118683106292566118e-15,2.791803061944569630e-14,4.015139557228587421e-13
6.604284544289731801e-15,2.847649719237509302e-14,4.093872822486225097e-13
7.097078807569447726e-15,2.906344954795025877e-14,4.177287931570594165e-13
8.146145806044679834e-15,2.967885185509430864e-14,4.269919337349564166e-13
7.653476010321877141e-15,3.032263343389194114e-14,4.361782259635721141e-13
7.514025184931810492e-15,3.099468014389132045e-14,4.458452911795071387e-13
7.498487841102900600e-15,3.169482551905865934e-14,4.557520114656286197e-13
7.191137330169096304e-15,3.242284165041496628e-14,4.661298719024741505e-13
6.681227731174697029e-15,3.317842982512185836e-14,4.766679927244384954e-13
6.947406566274892748e-15,3.396121093908133136e-14,4.881215250457963578e-13
7.395692309179439169e-15,3.477071570890708557e-14,5.002540248464896520e-13
7.884262437993620247e-15,3.560637471850654306e-14,5.120568302545448092e-13
7.999184514074350539e-15,3.646750834538210008e-14,5.241878711001737955e-13
8.127457067361116177e-15,3.735331662219347421e-14,5.367378739743486259e-13
7.300145195293012311e-15,3.826286909995821269e-14,5.501193774268483821e-13
7.165452477527284781e-15,3.919509479055188155e-14,5.629641523206299941e-13
6.913790833176212480e-15,4.014877227769707973e-14,5.764693355717372694e-13
7.106188146201933666e-15,4.112252009738564858e-14,5.905110610984712775e-13
7.093349484023164658e-15,4.211478750043780144e-14,6.051694070398835676e-13
7.559682160083931854e-15,4.312384572152843260e-14,6.195250217619951736e-13
8.111859615743062903e-15,4.414777989031677547e-14,6.343157036789065840e-13
8.525735834016050174e-15,4.518448173103600375e-14,6.492590646389801798e-13
8.862882134112893344e-15,4.623164320680837744e-14,6.641689232480519318e-13
7.727655532883789747e-15,4.728675127375032604e-14,6.794374123673495946e-13
7.450722210552693407e-15,4.834708391732962851e-14,6.945599199553914534e-13
7.355056458569987555e-15,4.940970764909986079e-14,7.093704579279182994e-13
7.200282140091717636e-15,5.047147664550651188e-14,7.253863551970066723e-13
7.179687313205359790e-15,5.152903371162244192e-14,7.403162807309491072e-13
7.946194841629040926e-15,5.257881325104203392e-14,7.550188586745103941e-13
8.906209932917440372e-15,5.361704641838179510e-14,7.701046907607117445e-13
9.202537727422908428e-15,5.463976862259530371e-14,7.851142948291619492e-13
9.353564279395833223e-15,5.564282953729838042e-14,7.993549220866035803e-13
8.523119554155987088e-15,5.662190575814874567e-14,8.129998677364471683e-13
7.139038618922210496e-15,5.757251622697087279e-14,8.275712491392941281e-13
6.832944110721869461e-15,5.849004051741720397e-14,8.404238888550914699e-13
6.530010376945779570e-15,5.936974004748673788e-14,8.526923692555283506e-13
6.916733600614271811e-15,6.020678225024301343e-14,8.657576922899327370e-13
6.909444462717041767e-15,6.099626769548746818e-14,8.760048658526152094e-13
7.031219005267899605e-15,6.173326011237428278e-14,8.861997383924270584e-13
7.495519820950173492e-15,6.241281921617132641e-14,8.963715377727358725e-13
7.776284476929432486e-15,6.303003619201860557e-14,9.048486178954615771e-13
7.214959182047070529e-15,6.358007163541651485e-14,9.132717091403336285e-13
