# Resampled Flux, Resampled Flux Uncertainty, Resampled Sky Flux, Resampled Sensitivity Curve
1.013270280372461884e-12,2.295200223679404822e-11,8.028842576596767898e-10
1.116538662599766587e-12,1.885396178401394706e-11,6.712989645649365906e-10
7.798393989178963925e-13,1.406602097605578057e-11,5.696498312281002283e-10
6.681327132116865820e-13,1.211982217098439274e-11,4.894243898082259969e-10
4.525271521671016910e-13,9.869672890289052229e-12,4.264331852817570693e-10
2.286095836304387309e-13,7.458986018518118647e-12,3.765055559065629906e-10
4.312777889853436399e-13,8.062932927432280898e-12,3.357999608569593174e-10
6.423778830217635429e-13,7.978312653384237895e-12,3.029687510236159011e-10
4.236482813654739234e-13,4.971563200039472935e-12,2.769239400298152453e-10
3.572767681622502297e-13,6.547917429908308769e-12,2.551425645217147717e-10
1.689095715362065711e-13,4.459401594595589898e-12,2.378005679250989640e-10
1.798799594781293020e-13,4.306196144313772826e-12,2.234065185356741518e-10
2.392001644910226474e-13,5.121358316585642284e-12,2.114826627964869400e-10
1.796046821238202285e-13,4.174426244330930063e-12,2.015410826941679284e-10
2.453863151450598739e-13,4.740594837185871764e-12,1.936445136026326421e-10
1.682765041807519534e-13,4.114946472216888563e-12,1.876518703445629111e-10
1.942534714359190509e-13,4.445004498704113240e-12,1.826316207877107316e-10
1.493942573059720763e-13,3.874044027992268736e-12,1.787226138259654912e-10
1.226435783699900473e-13,3.671322426642739840e-12,1.757271712120261130e-10
1.649428781972218919e-13,3.878345093634389517e-12,1.732906583829852265e-10
1.585679197366521237e-13,3.870399359080557509e-12,1.714492857713697615e-10
1.742427647357693595e-13,3.948679962306190201e-12,1.700205588795879815e-10
1.711638754375142387e-13,3.755715115407470869e-12,1.689341763530415760e-10
1.295251558426044457e-13,3.569835482574907950e-12,1.681600629518232256e-10
1.614361170221519239e-13,3.823716082734032042e-12,1.674306944690154758e-10
2.138148552039439602e-13,3.649981353302349499e-12,1.666199758765484646e-10
3.856006472040558834e-13,5.132233940819413683e-12,1.655933862237969427e-10
2.393333817422045077e-13,4.620212078486340651e-12,1.645323749530552841e-10
9.697056601476135597e-14,2.792379534933305409e-12,1.633790745043379171e-10
2.172089017235440857e-13,3.761576397204703623e-12,1.615212284401148475e-10
2.900524098998885971e-13,4.710907933299469603e-12,1.588664824510108600e-10
4.251806020080325901e-13,4.931693123800339461e-12,1.558542502828306494e-10
1.781748572220904112e-13,3.639220578361445365e-12,1.525173394853737142e-10
1.637825990204750200e-13,3.331086393371601861e-12,1.481833372539544062e-10
2.207796712170083995e-13,3.665681547008588025e-12,1.430156145550378831e-10
2.646479181400382566e-13,3.866618883689343406e-12,1.372650496207247711e-10
3.699700998163371717e-13,4.103214759844829160e-12,1.307775773364997907e-10
2.146117860020048936e-13,3.067413734190623125e-12,1.238289214544588620e-10
1.398998459553833193e-13,2.684589505794502870e-12,1.161880522996333829e-10
1.278533658341449030e-13,2.467001770676599270e-12,1.080115587429683706e-10
5.610974216636419146e-14,1.856133838957040160e-12,9.953697317084207439e-11
1.353896801503577203e-13,1.951177223370151054e-12,9.066487935655315839e-11
1.760943362836573793e-13,1.786703315016111913e-12,8.180590684628707757e-11
5.317668826888174096e-14,1.587819880082853937e-12,7.342267558832246855e-11
8.316214523209249092e-14,1.676128682729130297e-12,6.531324790632098729e-11
6.954621990827320072e-14,1.310183367328578473e-12,5.783728798029986883e-11
1.401171896308373567e-13,1.616609945365396174e-12,5.096535173760849810e-11
9.016283056513027102e-14,1.178778684733723654e-12,4.500945635334996461e-11
3.171777234986610964e-14,8.791929595024513514e-13,3.961984856386602156e-11
5.063171403104814703e-14,8.240280330788764910e-13,3.489671876809209885e-11
2.759490827668978708e-14,6.355609987246887791e-13,3.102476460576498095e-11
5.513677928415548406e-14,8.119863373952037921e-13,2.767117688042631598e-11
6.713356736189850587e-14,7.257800617148129389e-13,2.484953907732487495e-11
5.497017468282960457e-14,5.655242569482213485e-13,2.253821932090361024e-11
5.315588841109716463e-14,4.947202341135564714e-13,2.063479318615085286e-11
5.721692059700850097e-14,4.533968342733402468e-13,1.902763281018195173e-11
6.419491981116430653e-14,4.012264907576964427e-13,1.764387346709488127e-11
7.022528716532264391e-14,3.809093734596196915e-13,1.645792552174258635e-11
7.221082230489263780e-14,3.400530323267670476e-13,1.542813406895339206e-11
8.742838591246535584e-14,3.015008794581345701e-13,1.448965316515902173e-11
1.063896442069795472e-13,2.972183626871416706e-13,1.362140308949675893e-11
1.112665278838214717e-13,2.727048921252712551e-13,1.281654655308184633e-11
1.287605811646727968e-13,2.568061348047880146e-13,1.203939742442139676e-11
1.542301767116334257e-13,2.320164972414134981e-13,1.129976335801009214e-11
1.869745074181038656e-13,2.240589678766692493e-13,1.059974657348241841e-11
2.226402611220349097e-13,2.184579557136349839e-13,9.944573413867122611e-12
2.572711510029475371e-13,2.032519834327400574e-13,9.359103880125475416e-12
2.513588252716696902e-13,1.833633058002915807e-13,8.842439226977456428e-12
2.654635453778677547e-13,1.766282283326117695e-13,8.375977197261174719e-12
2.727250644084243858e-13,1.679234575932478948e-13,7.949673571243879907e-12
2.838648032352481306e-13,1.563165959551377113e-13,7.614386427368140331e-12
2.654951469710426213e-13,1.507690387978575867e-13,7.302055290989851774e-12
2.595279619410177478e-13,1.482115878638227647e-13,7.027079278634451037e-12
2.407676455743626393e-13,1.354702396096876381e-13,6.806911744849764614e-12
2.346814256772765734e-13,1.319242854171434237e-13,6.594247425298727136e-12
2.288935050526608107e-13,1.284218468985913112e-13,6.410802950929917609e-12
2.162467950640356036e-13,1.244364135265936653e-13,6.251471228090341638e-12
2.104296429094884352e-13,1.198045319875916308e-13,6.103069604476821772e-12
2.123316713303701239e-13,1.196232290594816443e-13,5.963234042440253142e-12
2.111000878452909100e-13,1.188847249896517056e-13,5.842877749743799135e-12
2.080942133176783179e-13,1.145755949382779265e-13,5.734837658451227663e-12
2.062857853025643239e-13,1.106344438359009771e-13,5.628175808518166558e-12
2.071157838356006873e-13,1.100743708366526362e-13,5.524438748906573779e-12
2.112310393845094305e-13,1.110304970095518309e-13,5.424810220175327222e-12
2.124755836214088714e-13,1.086323686977592118e-13,5.329397848736638994e-12
2.106336221833181718e-13,1.051989026233050065e-13,5.237842769001096983e-12
1.987739342314617924e-13,1.001072110820748613e-13,5.154077052488975255e-12
1.971337377400269988e-13,9.758988926757637316e-14,5.054564731299345208e-12
2.036409606602244825e-13,9.780112053481820684e-14,4.949176331077943831e-12
1.954691520331172647e-13,9.245060922446048524e-14,4.851893276796654578e-12
1.991586128602007690e-13,9.197544818605633012e-14,4.739523405162480174e-12
2.020589718408231494e-13,8.958916901577093686e-14,4.614429234418242220e-12
2.050539774220364740e-13,8.980497259002848329e-14,4.482820825692347899e-12
1.930762273093618133e-13,8.497771754318139272e-14,4.351725194052264164e-12
1.929015945092058967e-13,8.431815843175265264e-14,4.219834970382406652e-12
1.784561802707514869e-13,8.021419976302249310e-14,4.090644532445713826e-12
1.860896002435240514e-13,7.778890945554133903e-14,3.961202018653353435e-12
1.919344759201733328e-13,7.394798712172105402e-14,3.840052968307509140e-12
1.951205571086365975e-13,7.237560161436187524e-14,3.721974266912085037e-12
2.029306270880089012e-13,7.088459690897352541e-14,3.612284570650346124e-12
2.056125108345468157e-13,6.929185191154225787e-14,3.506042032195867736e-12
2.098421279527667077e-13,6.722734035994765777e-14,3.402882766397744633e-12
2.150372880219916186e-13,6.524488802278111512e-14,3.305503047128176886e-12
2.144119786008470303e-13,6.330240655501002062e-14,3.212541179946854934e-12
2.135229829635895707e-13,6.116094260252916590e-14,3.124003518699236868e-12
2.164970979151492035e-13,5.982413301077778209e-14,3.038814368513471128e-12
2.167396140946969327e-13,5.854348193904763360e-14,2.958999945464040995e-12
2.129537447303306308e-13,5.642226326487080638e-14,2.884002110347934376e-12
2.143727511003325958e-13,5.526669898687009367e-14,2.808523586504353113e-12
2.209231035769483896e-13,5.491574930549712311e-14,2.734775538951022655e-12
2.191036928146680539e-13,5.309952492630055569e-14,2.665862890728040597e-12
2.135231918956613326e-13,5.087897708892865077e-14,2.603507875146145271e-12
2.179702475188996186e-13,5.037884571398007163e-14,2.541104854368692730e-12
2.162773839768860269e-13,4.936086963571727278e-14,2.481393809358873279e-12
2.127465402680196392e-13,4.843055884959320694e-14,2.425659484682572844e-12
2.067927399301559789e-13,4.652611250594252800e-14,2.375633096188619337e-12
2.168340662324112802e-13,4.628289518892792267e-14,2.319677847215313470e-12
2.150263694029930995e-13,4.565255920088129626e-14,2.271300510239815126e-12
2.073824584800029989e-13,4.433236024547669835e-14,2.226020909347096044e-12
2.097381324589600128e-13,4.333857686539001089e-14,2.180453690118833394e-12
2.118459880206824348e-13,4.280483531275847624e-14,2.136982711214774181e-12
2.125943413671714846e-13,4.181742518374373039e-14,2.097354033541583373e-12
2.190648789326246789e-13,4.153839358413697062e-14,2.059732162128936981e-12
2.171079125624653158e-13,4.089882232367978863e-14,2.025155806650340905e-12
2.088776189661582159e-13,3.977602991178319049e-14,1.993053860395243054e-12
2.091520854556953538e-13,3.883027553739008955e-14,1.960540681913498042e-12
2.099769915548180902e-13,3.860881622608750785e-14,1.929014693619808476e-12
2.064581885089703639e-13,3.765969767356135337e-14,1.899413962782159210e-12
2.075705344756804605e-13,3.710150558552414489e-14,1.872616291629974695e-12
2.098618012843809475e-13,3.696387313725577486e-14,1.845203251495789441e-12
2.087441850391531733e-13,3.645541082146374672e-14,1.820742603953977512e-12
2.075298786818956675e-13,3.578666370788792366e-14,1.797179528188861587e-12
2.095874176770525294e-13,3.558826741415386781e-14,1.771962385841096571e-12
2.145304517605427642e-13,3.549288224568300502e-14,1.746789488509388326e-12
2.140100547445449884e-13,3.499204643905205597e-14,1.724303666028502206e-12
2.101679135505013628e-13,3.447532925530068635e-14,1.704191420286324856e-12
2.075707492710638185e-13,3.392365363418680261e-14,1.685703280770146036e-12
2.080397482591912289e-13,3.352599745530243560e-14,1.665975733966436186e-12
2.141743799438310631e-13,3.362270316059594227e-14,1.643811996243870969e-12
2.135581745962922730e-13,3.319235214959517184e-14,1.624984492994756007e-12
2.097949787063209196e-13,3.258598118019027721e-14,1.607358229462218458e-12
2.085922851622076080e-13,3.223856888498111603e-14,1.589974729102220536e-12
2.119502905711619590e-13,3.217747824427104551e-14,1.571086419286280695e-12
2.142899132568207212e-13,3.193624920938960385e-14,1.554370493890439205e-12
2.120157959323612625e-13,3.133110083714530929e-14,1.538045413594466652e-12
2.084187769310713246e-13,3.059455299070438454e-14,1.524230840409682463e-12
2.124656359450773384e-13,3.072326128133649482e-14,1.505757217436493781e-12
2.100945393850788672e-13,3.012870502985509073e-14,1.492296432512790536e-12
2.125989385431621612e-13,3.047676973075111477e-14,1.472906145670043951e-12
2.142307939913077200e-13,3.004766672876636433e-14,1.456387985374707310e-12
2.136341701203481032e-13,2.960903984407132577e-14,1.443471384937581972e-12
2.124063112270694991e-13,2.925313440348220767e-14,1.428131806740235908e-12
2.111777888515893667e-13,2.921318291461289787e-14,1.413406509987074311e-12
2.021964924142017174e-13,2.847838486163813536e-14,1.400887718787636109e-12
1.882569310347853591e-13,2.813922219820340570e-14,1.386199356427677550e-12
1.808724629403437209e-13,2.802089374384914596e-14,1.372511843567396072e-12
1.914780750089380666e-13,2.773828106635992656e-14,1.361002146431667223e-12
2.070216982075166341e-13,2.797500225699782415e-14,1.346677598591049390e-12
2.127788673420117045e-13,2.765745144721816911e-14,1.333285615277918832e-12
2.168770620703901642e-13,2.737254713712541291e-14,1.320926180921074460e-12
2.184089400667569079e-13,2.737208944544219394e-14,1.306289435233819723e-12
2.199738407097816875e-13,2.717944599090438273e-14,1.293939437669975232e-12
2.162485205961737419e-13,2.686155219143379100e-14,1.282165160830804063e-12
2.163222773257430021e-13,2.672759601568560671e-14,1.269717829519813339e-12
2.148157779569393550e-13,2.646401358837262414e-14,1.257664932792214774e-12
2.112161316644026396e-13,2.607114329199528843e-14,1.245851168876848486e-12
2.106314678161725590e-13,2.589049269523214705e-14,1.232559935588762960e-12
2.104711023228435866e-13,2.566814470439166652e-14,1.219509555708390637e-12
2.131597300164832631e-13,2.549319785095824253e-14,1.205822653048108576e-12
2.164567554246833854e-13,2.532531454426810875e-14,1.193238214730308396e-12
2.152228798985852308e-13,2.499526595103424667e-14,1.182129524132854872e-12
2.130412164741191640e-13,2.470836095120503518e-14,1.169045220373045914e-12
2.089936388877087510e-13,2.436319382318733479e-14,1.155968189141444742e-12
2.038813539475096060e-13,2.401099487231283526e-14,1.142886890490711905e-12
2.028322131768930377e-13,2.381363128624723026e-14,1.128985745686614582e-12
2.003511778012596362e-13,2.359682606210786672e-14,1.115923825931332609e-12
1.972763932744840438e-13,2.339447499149517144e-14,1.101357770126568276e-12
1.986290705119018491e-13,2.305455903014009364e-14,1.089876338091326603e-12
2.038538875961925196e-13,2.299216127263998833e-14,1.077283458484240892e-12
2.053887119784079061e-13,2.290963233567695730e-14,1.062906867633692673e-12
2.094104822687009583e-13,2.264686973344108422e-14,1.053387777382800732e-12
2.105454315364787475e-13,2.235288537590477246e-14,1.040144254261487375e-12
2.155942900896874172e-13,2.244284258556737595e-14,1.025975770979691208e-12
2.127071503518704905e-13,2.189809465029617701e-14,1.016212135207300094e-12
2.055050114007512056e-13,2.164760011702824199e-14,1.003165618746205744e-12
2.000064997029566320e-13,2.122658848748621774e-14,9.933477872619005624e-13
1.964212853549207894e-13,2.111527760570558230e-14,9.797025110521736086e-13
2.048307664705466670e-13,2.099214110416161378e-14,9.699114363384288742e-13
2.157220540876290018e-13,2.107651192026293073e-14,9.557384879686429123e-13
2.175379015754990901e-13,2.084705481989856918e-14,9.443363027860388934e-13
2.181209343057965955e-13,2.072029724709485955e-14,9.313872102113091213e-13
2.173878015021507158e-13,2.047878206574005789e-14,9.197179549743415619e-13
2.175763545524781977e-13,2.030931089777412019e-14,9.063626594058627706e-13
2.172410149864937083e-13,2.003559480384749251e-14,8.951064483752627664e-13
2.156729879929301615e-13,1.984387332290030760e-14,8.824136448034871675e-13
2.158516375135756477e-13,1.960620684436984382e-14,8.703636945687375046e-13
2.151946281512321982e-13,1.932629748397573487e-14,8.593699589185295669e-13
2.168750130372456334e-13,1.925873728689989333e-14,8.457964468954886332e-13
2.165640460625915859e-13,1.901154366202827717e-14,8.335869795263829564e-13
2.139343464713911831e-13,1.862537964212349740e-14,8.233092976833839133e-13
2.120519534683896695e-13,1.842640656174281798e-14,8.112640895030303290e-13
2.150607226127424734e-13,1.840634760394113512e-14,7.987939653555262652e-13
2.121983571687767591e-13,1.812025790573065826e-14,7.880129836289879975e-13
2.067889270892454553e-13,1.771548546518696663e-14,7.781481630489389667e-13
2.073118327821976690e-13,1.757240168267547010e-14,7.670907495098941186e-13
2.050821394811844479e-13,1.732439576601939014e-14,7.575575623303215089e-13
2.070379055436966801e-13,1.718166250447013353e-14,7.471261871085029372e-13
2.110480404894199269e-13,1.709701983977834696e-14,7.371290059397033095e-13
2.113578864077379272e-13,1.698183601206055811e-14,7.271054002171196524e-13
2.100762319989410547e-13,1.685233404563267661e-14,7.181575763144151915e-13
2.094171675112145990e-13,1.666800798196168764e-14,7.106633556415846698e-13
2.105065941444926843e-13,1.645194021577889012e-14,7.024018922660920008e-13
2.113420149118517566e-13,1.628499855608028626e-14,6.939679639251795431e-13
2.104568429069616065e-13,1.617984384400321975e-14,6.859418116585035079e-13
2.096988045726485889e-13,1.605758322140665211e-14,6.779541899251107403e-13
2.098099562842192882e-13,1.592740583647709369e-14,6.700472816946776390e-13
2.115653319743824512e-13,1.584403671819470521e-14,6.622949991441410565e-13
2.141022436112411836e-13,1.574957413985867724e-14,6.550977961978723396e-13
2.158543332945685686e-13,1.564114890591884700e-14,6.484526673838437215e-13
2.176642513260202095e-13,1.556098364473846501e-14,6.419092284506623773e-13
2.185079495874892572e-13,1.546176992366872820e-14,6.344465557584504644e-13
2.201702191073078044e-13,1.537976599575474599e-14,6.278259246570614718e-13
2.199545691398218628e-13,1.528477330177229067e-14,6.211302774324383458e-13
2.185638467248296148e-13,1.510389024135073511e-14,6.144606527773760979e-13
2.177290555027054079e-13,1.495594499964299123e-14,6.071147532934560006e-13
2.119342111640297712e-13,1.470180109223091973e-14,6.002171499614338266e-13
2.059095670098850825e-13,1.448590028082575092e-14,5.933442822437550391e-13
1.997009273149934855e-13,1.428074270565225358e-14,5.871619641000956891e-13
1.972813108883443659e-13,1.411755368620213580e-14,5.809381498459542604e-13
2.084626005625906708e-13,1.416858180386172582e-14,5.752255696494194004e-13
2.167528416766937425e-13,1.422755350670549596e-14,5.694022425894607134e-13
2.189256140427058009e-13,1.414817152475147117e-14,5.630436425983272729e-13
2.209506927070403624e-13,1.409159084151492427e-14,5.573842992785803178e-13
2.211406647443743619e-13,1.399321974314727247e-14,5.518781820202679483e-13
2.183447324386080142e-13,1.382912165177986729e-14,5.461625159172006481e-13
2.150794502829790873e-13,1.369137071522640596e-14,5.408159610380332947e-13
2.127467426482978277e-13,1.361121182909038916e-14,5.352620837820794965e-13
2.162975523746263419e-13,1.351078330366289892e-14,5.307123816718288200e-13
2.159598697107057798e-13,1.339936031767547778e-14,5.264978163509678948e-13
2.169696791213758523e-13,1.342489114332081973e-14,5.208602377681478821e-13
2.159030624269027043e-13,1.326973665937070668e-14,5.166234579224465617e-13
2.135508718911462861e-13,1.311712913481693257e-14,5.141457871980295759e-13
2.064260624663731026e-13,1.290011792796287069e-14,5.096295819410355705e-13
2.114713176691202668e-13,1.295518334183587517e-14,5.047781820070711548e-13
2.125762257121441249e-13,1.288721588541044388e-14,5.014974552170774754e-13
2.128419328007222282e-13,1.286941260572385929e-14,4.975947650325242402e-13
2.141869822760022306e-13,1.282475901475004463e-14,4.939771655448073650e-13
2.179622937058775314e-13,1.282828070019208382e-14,4.911625080107609989e-13
2.164076884554814416e-13,1.273684935356960545e-14,4.880051965321655558e-13
2.155957171418549295e-13,1.265434178174801412e-14,4.851378876233469303e-13
2.151978164125978272e-13,1.261277740885442200e-14,4.821196492163241898e-13
2.129604319862706964e-13,1.252977059060751595e-14,4.786027079859739698e-13
2.113476887740723662e-13,1.239124916684323158e-14,4.762193717195881971e-13
2.113538340802335477e-13,1.237937913432574537e-14,4.727066472311082161e-13
2.103600891998041312e-13,1.232824056239266485e-14,4.700767046208300892e-13
2.109498746184641575e-13,1.224629243630579752e-14,4.678790774791698455e-13
2.134699792284346889e-13,1.226463113866179259e-14,4.646603152993422054e-13
2.148256399921834429e-13,1.224200849157909421e-14,4.618107489751495319e-13
2.147263495076911933e-13,1.220121441042211958e-14,4.593435067710244719e-13
2.179376630127164643e-13,1.220913837828670902e-14,4.569349313654776972e-13
2.212362602040479393e-13,1.221652509284786501e-14,4.542591777820536698e-13
2.201332790457988798e-13,1.215006846833335869e-14,4.519223395732191464e-13
2.206172273419545908e-13,1.210913991823111530e-14,4.490775202624148534e-13
2.228431446608609426e-13,1.207814597679256253e-14,4.467442539616536625e-13
2.237402085750219959e-13,1.204729405707726978e-14,4.440580391211462745e-13
2.229090282298341372e-13,1.201646984470996525e-14,4.408551777396744865e-13
2.214797405188202391e-13,1.196804336544814054e-14,4.381331051255253014e-13
2.217145373481849587e-13,1.190525032083969025e-14,4.361104238440571897e-13
2.219817501676940113e-13,1.183045990074883033e-14,4.337160096788744333e-13
2.228433723188384548e-13,1.180581531372386826e-14,4.306459781658041657e-13
2.246665259735649281e-13,1.179414397520306114e-14,4.282360862754065247e-13
2.237877156647773382e-13,1.172263242043174248e-14,4.256751619121976959e-13
2.195634863682776223e-13,1.157579628644777586e-14,4.231355222772436766e-13
2.131461542422002189e-13,1.139188874181459469e-14,4.206681506275180304e-13
2.054281042324552733e-13,1.123436440556915426e-14,4.178271721330285826e-13
1.926125452548472474e-13,1.099710578543095324e-14,4.148256132648881187e-13
1.855490594613266662e-13,1.087200013084507665e-14,4.123469882629624706e-13
1.974855425487893847e-13,1.105254407532468212e-14,4.095030241420833989e-13
2.116550962286222434e-13,1.122162648923526633e-14,4.068330738211731175e-13
2.106487335295318676e-13,1.112380709934587509e-14,4.063643574127520327e-13
2.097190804797778598e-13,1.106283329983886268e-14,4.035798568139187713e-13
2.118474459014723018e-13,1.109648896123241291e-14,4.007045165004080904e-13
2.134047672655369529e-13,1.106225703825716463e-14,3.994858380578950211e-13
2.158218977506961819e-13,1.106762750083928332e-14,3.969965852636221203e-13
2.171177755560970981e-13,1.103229074820653016e-14,3.952155708384359876e-13
2.200502704005553916e-13,1.104309805109161021e-14,3.930926211564257109e-13
2.230313018032554802e-13,1.106292960924004785e-14,3.912694251222373715e-13
2.229795732863256811e-13,1.102414491167379561e-14,3.892975425546748535e-13
2.233126847254621420e-13,1.098402635282039407e-14,3.873598157191047416e-13
2.193118347539835718e-13,1.087921049573660463e-14,3.861961037764366730e-13
2.172163738249396143e-13,1.084681942415054503e-14,3.838942002017445694e-13
2.269945353037356043e-13,1.096970433878508395e-14,3.816659076006557724e-13
2.319071562162358370e-13,1.101857814767539613e-14,3.794050915104842636e-13
2.234968787636102638e-13,1.083556250209767743e-14,3.769373690797445683e-13
2.252254364942952998e-13,1.079051747859607265e-14,3.764589337468571820e-13
2.258985989091529685e-13,1.080785366189074342e-14,3.734693578926480214e-13
2.265475010264395563e-13,1.073062181114940237e-14,3.719925833957516332e-13
2.262784052006349439e-13,1.072094544413931176e-14,3.702164693776861390e-13
2.278815434285768868e-13,1.070869090278099335e-14,3.672076643408110583e-13
2.258629654867863988e-13,1.061764529805367596e-14,3.654635966986020139e-13
2.265175464755853355e-13,1.055042996590934259e-14,3.636363938648138623e-13
2.268111620757709358e-13,1.052726170017709404e-14,3.617354237447625747e-13
2.276960994985696654e-13,1.049605235486099896e-14,3.590417222719027929e-13
2.263992292478725726e-13,1.043464486021061896e-14,3.570350260636344792e-13
2.277814587157992510e-13,1.042772488188646824e-14,3.543384089364645976e-13
2.285505516987453265e-13,1.037572723885691529e-14,3.522059821183213604e-13
2.283374202446941004e-13,1.032192795303634342e-14,3.500103993336045059e-13
2.282168161261655196e-13,1.027790594233607879e-14,3.474852835632675011e-13
2.287057155019061873e-13,1.024506488489282060e-14,3.453201724610026704e-13
2.275622945340980060e-13,1.018307434793120047e-14,3.428729471722825394e-13
2.233912637407894396e-13,1.008913781542038643e-14,3.410708665832985085e-13
2.246160168844262582e-13,1.007026343155785656e-14,3.383416600585689002e-13
2.288612101098729689e-13,1.010748925283569761e-14,3.363176573651227036e-13
2.296399409602974240e-13,1.006606181798706421e-14,3.352368037302914990e-13
2.282376887049810420e-13,9.998356828080675389e-15,3.332638290742023991e-13
2.286578615233152109e-13,9.983666702991765810e-15,3.311258907291715179e-13
2.293526834326657506e-13,9.962667454863294641e-15,3.296248960832699257e-13
2.276443395186973356e-13,9.898034016093041427e-15,3.276031941753857720e-13
2.263354156709895073e-13,9.860044201892338483e-15,3.261450445448231237e-13
2.277700234059698594e-13,9.842292873778002699e-15,3.250826721217353365e-13
2.301332925715140879e-13,9.834868382187572723e-15,3.239642619837258046e-13
2.329916288873974169e-13,9.857174546933390757e-15,3.223023359497313430e-13
2.335317492690603331e-13,9.841511783541502411e-15,3.208094110312527601e-13
2.351769615618378683e-13,9.847955158151553029e-15,3.188515030705021149e-13
2.355979609718704652e-13,9.821063275246914731e-15,3.179574766829790254e-13
2.355939362374567321e-13,9.785654967167620024e-15,3.168199828758724123e-13
2.373105347649217337e-13,9.787823436953080695e-15,3.150147619501067577e-13
2.381631472988591962e-13,9.770070790683401712e-15,3.134797877275858124e-13
2.382951121333772454e-13,9.740926726831840038e-15,3.123852138827894671e-13
2.375712899390989021e-13,9.694756807935074110e-15,3.112350252913168664e-13
2.374277713281076551e-13,9.667839008675061479e-15,3.092634450881414524e-13
2.370233565111587035e-13,9.634500419682546386e-15,3.073606770047529947e-13
2.364167449201268013e-13,9.582674296532847443e-15,3.058228858864289212e-13
2.373220485621201953e-13,9.562064803632248249e-15,3.040575878905245079e-13
2.380111310483903356e-13,9.540034050993044722e-15,3.023889811062420827e-13
2.385710471760165086e-13,9.515687721446330942e-15,3.009476249876268616e-13
2.377546473606447637e-13,9.468961708028275722e-15,2.993118013870115872e-13
2.380261770452671833e-13,9.438131597966254167e-15,2.974702616387578566e-13
2.380008186737831257e-13,9.397283741369187658e-15,2.958501900311059342e-13
2.369696624929835112e-13,9.354179218324872229e-15,2.942026685097952867e-13
2.388540965643526130e-13,9.346761318691805343e-15,2.925041448427446002e-13
2.383939771748095739e-13,9.305497914634248412e-15,2.910499249830524040e-13
2.380242634179606217e-13,9.262681031226445088e-15,2.897800285702328619e-13
2.384808037246277081e-13,9.240314490874134051e-15,2.878128291824765296e-13
2.397086756987274888e-13,9.237372369274180151e-15,2.860599900371949145e-13
2.402392171396521118e-13,9.199079081206311650e-15,2.850062246900456766e-13
2.419909107496485982e-13,9.199376909933061771e-15,2.838037473346419657e-13
2.414728882218731906e-13,9.164068103217823761e-15,2.820228490174814148e-13
2.421853032696696339e-13,9.133096490779175945e-15,2.812818991454914536e-13
2.431882514037796684e-13,9.129980930982573523e-15,2.795006177919326203e-13
2.447319146124960471e-13,9.122350543288907366e-15,2.784636703209440734e-13
2.429933720296889191e-13,9.066972698245825977e-15,2.772047666356961595e-13
2.432023513198194336e-13,9.046742985383261967e-15,2.759603802262898117e-13
2.447023072597778811e-13,9.043407360049073894e-15,2.744691941961839485e-13
2.441806760283712550e-13,9.000380936479427727e-15,2.734318841977774670e-13
2.456760415651592829e-13,9.007107076949983965e-15,2.720275130123557229e-13
2.463072752158303037e-13,8.978772731609322059e-15,2.711004281641049541e-13
2.459153488019193736e-13,8.952893070769460112e-15,2.697077852652361223e-13
2.475661159008280843e-13,8.948332747555519930e-15,2.685013526436543831e-13
2.446977679187701523e-13,8.870896501818832887e-15,2.674862473481523173e-13
2.469195845772139886e-13,8.878300445029247652e-15,2.660038554092701469e-13
2.451607078844551633e-13,8.859212244979616064e-15,2.643291295240900742e-13
2.453932092046651268e-13,8.800237480014102519e-15,2.636095081626018650e-13
2.442157760257374103e-13,8.761905583251043728e-15,2.618465803615213212e-13
2.469540539951619855e-13,8.769820452440261636e-15,2.609326121739746915e-13
2.460288327413789721e-13,8.734138890871917473e-15,2.596907556106362986e-13
2.481492876881639504e-13,8.744336604493579927e-15,2.579549222324392530e-13
2.490982151385417144e-13,8.715207608443813606e-15,2.571217573957250422e-13
2.478569117176964610e-13,8.683009070003759740e-15,2.556919213992956117e-13
2.458285199891156254e-13,8.639296033347224099e-15,2.545345939786765170e-13
2.459973979017522976e-13,8.613339716885681773e-15,2.533483862991552415e-13
2.477747525717853331e-13,8.607190411624411398e-15,2.524515807669002222e-13
2.469055323790662964e-13,8.576531372703127642e-15,2.514775527503975533e-13
2.468031855647722745e-13,8.549438230000705896e-15,2.501420810133477589e-13
2.486811524634791838e-13,8.545039187507156010e-15,2.491429199507742879e-13
2.519036899890448516e-13,8.580242490343003342e-15,2.475371542823744078e-13
2.495082180079915718e-13,8.519825887453482243e-15,2.469961797367574075e-13
2.498969085407877550e-13,8.500664530859295473e-15,2.462393059515580639e-13
2.511159354523304705e-13,8.503142765724827343e-15,2.450189789552049067e-13
2.491137372500402184e-13,8.449635179933209372e-15,2.441044495050113490e-13
2.513020444864014964e-13,8.455844747568069320e-15,2.432713842903633017e-13
2.521707765282141298e-13,8.457266392932192162e-15,2.424201343510108715e-13
2.507053046477582879e-13,8.415319899157597982e-15,2.418565245673794957e-13
2.516232363054313321e-13,8.412367223751859119e-15,2.414967434332388679e-13
2.530469412944386411e-13,8.409752867386189173e-15,2.408262148355043015e-13
2.515894742168885061e-13,8.377722324139088048e-15,2.397886452729309961e-13
2.521798741002970142e-13,8.368773592000020993e-15,2.392663469388866876e-13
2.510309550970909077e-13,8.345007574517837893e-15,2.386273371031901327e-13
2.505706934447491072e-13,8.332663945145372940e-15,2.379290046503302958e-13
2.530068847205394216e-13,8.359106478420839411e-15,2.373962781979842502e-13
2.538512088452790844e-13,8.358240747298083334e-15,2.367916686100171981e-13
2.531014621133744368e-13,8.330843270846509777e-15,2.363121609263154571e-13
2.532727479458652852e-13,8.321990614140728575e-15,2.361123599974796536e-13
2.548947242852412689e-13,8.334835117806639755e-15,2.357199823001389764e-13
2.547461289810660851e-13,8.322945342348214221e-15,2.352632614010973865e-13
2.543500329842963260e-13,8.303091406485942118e-15,2.348249756627224224e-13
2.543444185978891704e-13,8.291713438653915523e-15,2.343570581842660279e-13
2.509866649926491161e-13,8.245510418732321108e-15,2.339458484695061991e-13
2.484527733761647415e-13,8.205434295923303031e-15,2.332523193677578244e-13
2.512128670698336953e-13,8.225418258923745797e-15,2.325746631426998006e-13
2.546186450603344195e-13,8.260849796526758395e-15,2.322821477850924162e-13
2.552659884443859942e-13,8.263914913596407121e-15,2.319841030782866943e-13
2.564543849453164849e-13,8.261403291703457460e-15,2.314441846399517598e-13
2.569406970093030639e-13,8.257396926698599158e-15,2.308067588201011537e-13
2.560988752211886674e-13,8.233952801576235502e-15,2.300748222422632995e-13
2.547582061497472561e-13,8.203143848799826537e-15,2.294571374227397225e-13
2.522267881823006048e-13,8.157755908867456262e-15,2.291072285616655207e-13
2.530542116481059282e-13,8.156386768730729690e-15,2.284939090174516384e-13
2.553808745223590032e-13,8.168971600089577129e-15,2.276959050127640754e-13
2.566413785316820990e-13,8.171044249158573712e-15,2.271989071602888946e-13
2.599821331156087721e-13,8.198638755436950516e-15,2.264040944900889701e-13
2.580657316544253728e-13,8.151692806410086525e-15,2.255475805078335518e-13
2.576587272923487646e-13,8.134616649890922081e-15,2.246674201162354115e-13
2.548786320445506375e-13,8.078325728828461529e-15,2.237523542061709545e-13
2.529106876637883981e-13,8.033851097290162583e-15,2.231584284606556518e-13
2.533272644953809496e-13,8.028386206676074796e-15,2.220554850410640736e-13
2.562274153517101403e-13,8.035823948550195700e-15,2.215249307035073999e-13
2.568244759702174460e-13,8.019818335791475712e-15,2.207622489850204307e-13
2.557942459021138667e-13,7.997734904264804316e-15,2.197173674717832980e-13
2.533544784436782336e-13,7.941606528267875939e-15,2.191529191414841506e-13
2.551656795725874698e-13,7.948571177199703418e-15,2.179054244555963981e-13
2.549895840189022494e-13,7.927630561665330827e-15,2.174800128889689153e-13
2.534771135530598337e-13,7.888954091216684416e-15,2.166774761382134204e-13
2.531200608780353072e-13,7.874568951283716381e-15,2.154204015722885491e-13
2.515731391396342407e-13,7.825859711886774417e-15,2.153985064456349469e-13
2.514302876728879519e-13,7.820395144273516612e-15,2.144563405926408347e-13
2.524287321613442612e-13,7.815388747365889705e-15,2.139221595071888496e-13
2.499801888412677272e-13,7.774018061116880717e-15,2.139538584634857325e-13
2.532025359320395389e-13,7.808259339145008604e-15,2.128845887891167785e-13
2.532543240888016155e-13,7.795011389026103262e-15,2.125213105966518948e-13
2.546270876884712461e-13,7.792917013468911082e-15,2.124026107665448565e-13
2.569331702915672002e-13,7.823987167832631556e-15,2.133991672667059297e-13
2.553716122452267287e-13,7.796788945422479605e-15,2.141103302161775615e-13
2.558011229000225573e-13,7.793294373640259461e-15,2.136601510971193542e-13
2.553160375413502471e-13,7.798148902364949098e-15,2.126047699426444957e-13
2.550356086606880221e-13,7.770979555137079560e-15,2.121018797730708090e-13
2.530287592502404477e-13,7.736103839062455894e-15,2.102634167217394653e-13
2.504474447074531244e-13,7.700439394771738621e-15,2.097394084838350286e-13
2.516638595443264729e-13,7.711654241889520478e-15,2.092816324500589565e-13
2.535099589777995970e-13,7.730061423762295942e-15,2.088718424742608858e-13
2.546815660722610872e-13,7.730668005964970369e-15,2.087244717232517878e-13
2.541729377435048731e-13,7.717295088591888302e-15,2.084518544458988857e-13
2.538218055882563233e-13,7.700886479001162693e-15,2.082852369434760659e-13
2.529531109511845542e-13,7.686996771468998893e-15,2.077990034001430598e-13
2.526119436926554741e-13,7.673737317920215180e-15,2.074741531221107222e-13
2.546332627569280958e-13,7.685186594525731667e-15,2.070337585143513403e-13
2.548429246716131084e-13,7.680340234337268128e-15,2.064071393522025061e-13
2.543523206547698570e-13,7.668495311839511538e-15,2.059879795736375676e-13
2.526921210636546352e-13,7.635095073828423085e-15,2.059229912848880085e-13
2.515784351518153696e-13,7.610337773457668197e-15,2.055860111661836122e-13
2.518235861532103986e-13,7.606573144824548944e-15,2.050597401726006537e-13
2.508104126095584711e-13,7.587837409603627695e-15,2.045320141366194161e-13
2.496479949029259983e-13,7.564274338616114089e-15,2.040232866028520977e-13
2.495684027377560858e-13,7.548645895922949956e-15,2.034919217882398892e-13
2.487985726040779144e-13,7.531897613485554707e-15,2.031538473789870229e-13
2.478034423583714445e-13,7.514937079368050162e-15,2.027002892953203937e-13
2.486189343870409160e-13,7.512026582733373588e-15,2.023332135970487102e-13
2.498610983684660482e-13,7.515649973099405865e-15,2.021359056180237577e-13
2.497759353557630184e-13,7.506716143417087222e-15,2.017407075312643082e-13
2.490832599321901009e-13,7.491801703799212954e-15,2.013031132481102340e-13
2.478461679045256993e-13,7.472509668846803363e-15,2.006218255751191068e-13
2.453501058889582509e-13,7.433085427400365181e-15,2.003698834499401692e-13
2.439183277389082276e-13,7.403678139278204080e-15,2.004691094687858367e-13
2.456761825907678219e-13,7.423817934516361587e-15,2.002080068476119890e-13
2.465336751253014158e-13,7.428156333024893710e-15,1.999173687172217980e-13
2.473301302557669632e-13,7.427261389463852720e-15,1.995685409028559126e-13
2.473392608745332101e-13,7.426505302833425188e-15,1.993861149979036197e-13
2.473726986079294255e-13,7.418787201573235273e-15,1.990965576785293170e-13
2.476698324975771828e-13,7.421252919498020896e-15,1.984549694830345121e-13
2.467535061769796906e-13,7.396191373036069773e-15,1.986552562969970225e-13
2.459475343417723886e-13,7.381912483786939818e-15,1.984639906074643677e-13
2.450385771137098757e-13,7.362918345546032600e-15,1.979828697457470569e-13
2.473184078234177239e-13,7.384097993289702805e-15,1.977641798188574041e-13
2.469152409719082611e-13,7.375267458063673951e-15,1.972742558010986739e-13
2.459824581807127380e-13,7.361520592312680293e-15,1.967997863721215472e-13
2.441830897676887808e-13,7.327156847655359748e-15,1.964000385805408215e-13
2.377654460817480326e-13,7.235933833152629875e-15,1.963708237886976399e-13
2.337580503534399685e-13,7.190745499322941557e-15,1.955105037218627173e-13
2.260517681060879743e-13,7.087059571543221480e-15,1.950204880376967208e-13
2.292565264137211249e-13,7.120927555067739459e-15,1.948526759208399620e-13
2.382863456877932657e-13,7.216424720092870784e-15,1.945238667750857392e-13
2.371158021835511855e-13,7.175757010456390170e-15,1.947084978091330877e-13
2.366237131272953033e-13,7.171497402568563798e-15,1.933420555104912808e-13
2.410280521131021623e-13,7.210418295549299269e-15,1.924905483926809969e-13
2.419730129138538491e-13,7.203993269601575488e-15,1.924192953237788420e-13
2.435729460292324370e-13,7.213728187221400860e-15,1.918710497200249794e-13
2.456279809886562440e-13,7.230492347972847612e-15,1.914831807324542364e-13
2.465189014479881086e-13,7.226825102672288430e-15,1.911801875220103617e-13
2.455280283003029550e-13,7.199013401095444975e-15,1.909160264374553095e-13
2.453007157950438113e-13,7.185673855018890818e-15,1.898937195110782467e-13
2.460933829730295828e-13,7.181511010768180160e-15,1.892901602291680216e-13
2.441073868897980036e-13,7.148916322589626121e-15,1.890704799611533947e-13
2.429960869937178435e-13,7.125775263867602458e-15,1.888131613187410389e-13
2.438229225315107809e-13,7.131912499556732651e-15,1.880189171083551091e-13
2.445718710370844239e-13,7.129307866400899690e-15,1.876240109587862746e-13
2.437120767164920260e-13,7.104555558141627146e-15,1.870908238617695233e-13
2.428440162237114987e-13,7.084693452110825849e-15,1.868110478778137780e-13
2.377254595869815331e-13,7.014533442840156610e-15,1.865453166940060313e-13
2.257816748967974862e-13,6.881049805593960293e-15,1.859076742382563545e-13
2.226186024726196963e-13,6.828402167412521921e-15,1.859397859505290953e-13
2.300598569628636854e-13,6.897134149334403503e-15,1.862211633679884531e-13
2.226224288848460737e-13,6.797748071242722582e-15,1.861493360204309298e-13
2.097428064456464430e-13,6.650293965195570758e-15,1.857383702308955756e-13
2.112527052423646465e-13,6.667890212163715623e-15,1.849564109858430620e-13
2.278562652155884760e-13,6.849018536999312428e-15,1.840756454846512798e-13
2.396002498418378080e-13,6.969652883542234977e-15,1.834439363176978611e-13
2.416726317018122943e-13,6.982045656179275187e-15,1.831635630167917513e-13
2.419204571169482938e-13,6.979238345886830022e-15,1.828352928021587483e-13
2.419593995857404549e-13,6.974058974445109476e-15,1.824019590422005417e-13
2.415185123708951145e-13,6.956523909149564329e-15,1.823050036077310752e-13
2.411709383064572313e-13,6.940498877416612350e-15,1.820529482545512435e-13
2.422849156890946975e-13,6.946948933379317615e-15,1.814715856884014701e-13
2.435627724130846325e-13,6.954360765934921977e-15,1.812622812367233890e-13
2.437112422733817734e-13,6.953021013292773400e-15,1.809843759166364834e-13
2.439482989642331173e-13,6.951385875987296785e-15,1.805086841968399960e-13
2.439789542270273633e-13,6.941137549235429172e-15,1.802759928805994002e-13
2.434524317809618307e-13,6.930618449522107353e-15,1.798074633404365227e-13
2.419304151016937050e-13,6.903815150369611627e-15,1.793857581571082756e-13
2.425915690980509104e-13,6.905636297362659522e-15,1.790179389347349017e-13
2.417898522562214405e-13,6.885320045966894605e-15,1.788565440951456860e-13
2.406822485916734867e-13,6.857208600982154219e-15,1.788817742537790395e-13
2.421575747695716482e-13,6.870145156302871535e-15,1.784612956365146021e-13
2.409299406221201456e-13,6.852108292150936879e-15,1.778323502181213066e-13
2.417061966039744165e-13,6.856162259299232131e-15,1.774685530499249765e-13
2.411665138078723892e-13,6.841497055331160039e-15,1.771044840043059417e-13
2.407255796770458871e-13,6.824541122520229994e-15,1.767727895200235302e-13
2.413524581908854324e-13,6.819205047501258559e-15,1.772782330220537859e-13
2.362514608154905196e-13,6.729711484499677573e-15,1.807143636007076563e-13
2.403038485778046510e-13,6.796161473546482867e-15,1.757887460366551854e-13
2.422969082622353018e-13,6.814293657846418277e-15,1.751562830529299433e-13
2.421713969938382130e-13,6.797836116972969469e-15,1.750806151362398819e-13
2.426323752649571027e-13,6.794339169982367411e-15,1.745132744702557975e-13
2.423836400455568048e-13,6.786635880042375363e-15,1.741608150482122230e-13
2.410754721964033191e-13,6.756475281734390920e-15,1.738522478116628900e-13
2.401874686395024353e-13,6.746182110353930251e-15,1.731014680639248729e-13
2.420542791975750295e-13,6.753473054721791546e-15,1.729223124649348236e-13
2.418573358568023499e-13,6.747660537604528783e-15,1.728911949995481926e-13
2.439933252412353857e-13,6.757581152236227631e-15,1.722757577074492221e-13
2.433547769285114659e-13,6.742738854277971980e-15,1.719965688574053308e-13
2.441038802025851836e-13,6.746422318995780913e-15,1.718759894316706495e-13
2.422897793693405018e-13,6.715756628596001835e-15,1.715876924186961578e-13
2.431534601026891790e-13,6.722730902452415634e-15,1.710302343847129990e-13
2.433747261795667764e-13,6.713475608556193229e-15,1.706215108696057058e-13
2.435981422498927936e-13,6.705203516773799038e-15,1.705142473354192862e-13
2.435303095630342992e-13,6.695168382244990636e-15,1.703841177754829720e-13
2.429340307732576150e-13,6.683066814249499555e-15,1.697966796608476290e-13
2.441707867622541602e-13,6.691835655333777583e-15,1.694752344324744379e-13
2.442887324579845336e-13,6.683869222518029438e-15,1.693381989013971233e-13
2.443125912860858122e-13,6.683046585976281065e-15,1.688426415412387680e-13
2.434283723358152540e-13,6.665558015373139636e-15,1.690050499789071457e-13
2.431809459545270268e-13,6.658665068444380381e-15,1.685408765672617491e-13
2.432186110540317482e-13,6.652360843276234529e-15,1.681300192365119240e-13
2.437862158017224130e-13,6.646910813986505842e-15,1.681541968464585275e-13
2.429836752828644590e-13,6.635960277882866744e-15,1.679073011105176846e-13
2.441012179025273976e-13,6.645849682065071956e-15,1.676258819955406871e-13
2.450187076596564818e-13,6.652856744077889039e-15,1.673434004931546562e-13
2.446089076155932300e-13,6.640197069749230424e-15,1.671774420765792533e-13
2.446452010858580023e-13,6.634833928311834368e-15,1.670011986181099243e-13
2.436483292090108234e-13,6.619927580241985363e-15,1.668412502262869984e-13
2.419022707828267044e-13,6.591167402600642329e-15,1.665956683262115431e-13
2.407090033854231254e-13,6.573495500895952762e-15,1.663222841619042066e-13
2.381327623874116970e-13,6.543363811777686212e-15,1.661539213585178171e-13
2.353906086044820854e-13,6.508703707085165619e-15,1.659949426332612990e-13
2.353825187072436811e-13,6.504685941264821253e-15,1.658457490167110243e-13
2.363116077864627423e-13,6.508572807727962519e-15,1.656017881415639822e-13
2.366834070620700307e-13,6.506843176514151515e-15,1.652851642222487568e-13
2.370388341210186472e-13,6.507132461869818113e-15,1.650168281705610206e-13
2.369305398926632281e-13,6.501194139722881331e-15,1.649148949168192341e-13
2.357366413775821819e-13,6.482027250587967852e-15,1.648581001893955120e-13
2.342103218684139608e-13,6.464258635324879048e-15,1.644976012347620795e-13
2.348506073858199053e-13,6.467980154783635775e-15,1.642781968092911449e-13
2.380849111924125774e-13,6.495693253930058343e-15,1.642863721064863990e-13
2.391518735329366870e-13,6.498624690897747200e-15,1.641946257326702286e-13
2.398490496259373955e-13,6.502746412833052008e-15,1.640868470592407822e-13
2.397950016580445008e-13,6.501226940391550216e-15,1.637924095041675588e-13
2.395960618636739542e-13,6.498488619756862681e-15,1.633488124927751214e-13
2.391384750304437776e-13,6.484212764850872947e-15,1.632610056412067855e-13
2.387270939618250535e-13,6.479404443089690015e-15,1.630431360522044376e-13
2.396969310770541479e-13,6.480828910996215595e-15,1.628339630623936959e-13
2.397425226372327355e-13,6.474792767075631820e-15,1.625466650949374914e-13
2.399937919463920867e-13,6.475616093940996056e-15,1.622216665266500076e-13
2.379062284127116193e-13,6.439454666116468620e-15,1.621469925670274450e-13
2.365102310840819288e-13,6.417503643200310862e-15,1.622484757769453882e-13
2.337801781331271518e-13,6.381138842819082404e-15,1.619279676709866495e-13
2.277397917164482860e-13,6.307215968848185671e-15,1.616095941831841700e-13
2.177988665268374417e-13,6.190535327579451173e-15,1.616181365959393333e-13
2.037522089028095497e-13,6.040037260376178508e-15,1.613228606275543530e-13
2.042910259230370493e-13,6.046113768251036266e-15,1.612040367165113693e-13
2.237716753321108170e-13,6.259321445059900427e-15,1.613125190513000194e-13
2.301018446401508000e-13,6.321017502665569644e-15,1.613991266896429205e-13
2.310008182269462875e-13,6.334812319152426998e-15,1.608834783351630268e-13
2.321661471798966396e-13,6.344970072967932392e-15,1.606555308003553821e-13
2.307696798808930016e-13,6.329477999237923308e-15,1.606041331023373971e-13
2.312590110702620346e-13,6.335140342600114504e-15,1.605989615318328277e-13
2.321036061059702073e-13,6.341772169137116437e-15,1.605642330492796116e-13
2.339803747756836964e-13,6.363599422731059736e-15,1.604946111624343261e-13
2.358767318475460877e-13,6.383342027731529232e-15,1.607274178064806924e-13
2.363662466779267292e-13,6.392279019144810869e-15,1.606321217093829885e-13
2.356247989828040291e-13,6.379159966372950984e-15,1.608284821307753570e-13
2.354454060564588664e-13,6.380759919185591820e-15,1.606989353186084574e-13
2.357197572998945394e-13,6.386831233962703390e-15,1.609910668921974944e-13
2.350836633868101038e-13,6.384781136442128630e-15,1.611979236101351763e-13
2.344525135643934970e-13,6.383169938498777144e-15,1.611093729177808398e-13
2.338726229161543656e-13,6.375139821319328571e-15,1.615148120485387023e-13
2.346265386989191355e-13,6.384708955954681595e-15,1.614056498587708294e-13
2.355085761051283016e-13,6.397958374731680630e-15,1.612762092459884792e-13
2.342387515828829600e-13,6.386475493565238340e-15,1.615584682600823346e-13
2.332780420266101622e-13,6.382580931180233239e-15,1.616182644379135830e-13
2.363985456338131701e-13,6.420963620361946199e-15,1.615723186963021628e-13
2.386292611735137952e-13,6.444325056640897381e-15,1.616627968915623569e-13
2.384301039984831215e-13,6.444960895998877318e-15,1.617295010050074530e-13
2.386593625478591439e-13,6.449524507733013246e-15,1.616284997602899665e-13
2.386220932144287191e-13,6.447637456149828322e-15,1.615810746790532597e-13
2.377857272642601059e-13,6.436413624903576877e-15,1.619330573108159892e-13
2.367673797886288498e-13,6.422782757712889605e-15,1.622175384480360789e-13
2.371998938468507917e-13,6.428751086937740563e-15,1.620899793070400417e-13
2.374458356227393314e-13,6.431868974936865405e-15,1.620679367039390348e-13
2.364724001149804005e-13,6.425477256714343977e-15,1.620749726946850985e-13
2.356233135289242321e-13,6.422675528212273641e-15,1.619149504791465596e-13
2.361587010948726794e-13,6.430518384910962562e-15,1.618518532928118398e-13
2.351733917243815840e-13,6.419531364519403216e-15,1.620677867808318081e-13
2.329112855110202864e-13,6.393282903110518679e-15,1.623505543181683519e-13
2.314148549785499365e-13,6.380874966304885373e-15,1.627125859232684179e-13
2.322858566078621869e-13,6.395975902616476691e-15,1.628132628944666823e-13
2.315380737411906372e-13,6.392511218378059373e-15,1.631322479136181221e-13
2.335134367530444936e-13,6.423441152049511806e-15,1.632648613475435443e-13
2.324847462796395296e-13,6.416160904058019171e-15,1.633215384192738338e-13
2.345604714937356555e-13,6.441221114041761161e-15,1.636583081234949585e-13
2.340567846894669431e-13,6.445168129850324005e-15,1.638250704650761513e-13
2.341699608519268716e-13,6.449671957152669063e-15,1.641096774250448401e-13
2.348988208418762699e-13,6.462764990571980966e-15,1.643401169892981311e-13
2.348982066622654372e-13,6.467996143949611282e-15,1.647767466176988121e-13
2.353832090371793545e-13,6.484394945735429323e-15,1.646315444378891921e-13
2.379973698661383592e-13,6.517272079135966878e-15,1.647579137071035252e-13
2.354022870383256245e-13,6.485965834874238926e-15,1.654952133083714065e-13
2.356507598672803501e-13,6.498325124877368532e-15,1.654885480818058034e-13
2.340367218909105609e-13,6.488472721050821697e-15,1.655168768385111720e-13
2.318413010532227529e-13,6.471105723652931978e-15,1.655628119771626176e-13
2.324292983857861151e-13,6.474986468929134506e-15,1.661551174524651043e-13
2.308918072180625584e-13,6.464668484798222460e-15,1.663918717237858213e-13
2.303030506626827744e-13,6.463730630103156680e-15,1.666659990147193673e-13
2.312577507112284899e-13,6.474870239954677764e-15,1.668968702719863874e-13
2.337402552823117422e-13,6.509510640982275623e-15,1.669800154787939540e-13
2.326329174460943674e-13,6.501158285558712736e-15,1.674641049936208917e-13
2.281795122079923336e-13,6.445498315245997420e-15,1.677751198942454717e-13
2.183576797213092799e-13,6.345939115963861109e-15,1.681489677844818168e-13
2.087052563227139310e-13,6.249732524578471612e-15,1.680687170469471772e-13
2.143978450275454357e-13,6.323735447370519640e-15,1.682542295708121575e-13
2.272429877760422792e-13,6.471466942377287537e-15,1.684126848209855505e-13
2.322364409704188836e-13,6.529643969042132166e-15,1.687272253129753943e-13
2.346277219343944644e-13,6.563527602101468673e-15,1.689107095972361168e-13
2.354720663235305874e-13,6.585071332654173880e-15,1.690660961050487083e-13
2.357233430760767506e-13,6.592782539900499544e-15,1.694488163901099041e-13
2.356623902489636574e-13,6.596554879796650771e-15,1.697559500974741629e-13
2.350266822743882778e-13,6.590143605638247218e-15,1.701445097070406154e-13
2.357082850707924149e-13,6.609316552229252003e-15,1.703145115804375283e-13
2.345836908583221912e-13,6.605468940559530187e-15,1.705265412089192381e-13
2.318824430989459152e-13,6.580937181967087497e-15,1.708316542710600617e-13
2.331530589040325409e-13,6.600391505618646492e-15,1.710520280579160488e-13
2.355100951625626367e-13,6.635304307740716937e-15,1.712362194918942460e-13
2.358960107809986337e-13,6.646031413276039335e-15,1.717233156993135951e-13
2.362799091384557052e-13,6.655468273198111892e-15,1.720943101938758287e-13
2.369166370341187846e-13,6.670045786177869866e-15,1.720620180634728628e-13
2.366228670926331725e-13,6.666794957833944446e-15,1.721669072232842597e-13
2.354153054813067589e-13,6.653925333977461616e-15,1.725306620729464020e-13
2.347614579303839756e-13,6.651779017478616313e-15,1.728068004366477572e-13
2.351737911983897601e-13,6.662053545365068661e-15,1.727782315870279457e-13
2.345906369526898463e-13,6.661701891147020926e-15,1.728678548438734088e-13
2.327821254904586381e-13,6.640382287237075046e-15,1.731644353678857317e-13
2.316347779931933084e-13,6.628143886038516992e-15,1.732849579112443111e-13
2.250861760171471956e-13,6.559985652609745462e-15,1.733966076931699161e-13
2.190384910043452670e-13,6.496718229791039334e-15,1.736097888283197450e-13
2.266123904149834645e-13,6.586304350733328016e-15,1.733887709777019761e-13
2.345896949973392276e-13,6.673338339011278806e-15,1.733319661857273582e-13
2.334972263080241541e-13,6.662475210400604291e-15,1.737267553615809645e-13
2.333599409700321022e-13,6.671842933920786438e-15,1.737699689983360715e-13
2.330111063066342718e-13,6.666114788116029458e-15,1.741738263107268169e-13
2.343648791123787611e-13,6.683455858976793660e-15,1.739914058886969119e-13
2.366477205757792126e-13,6.714146384279678004e-15,1.740014136600059492e-13
2.375714012043891758e-13,6.729574327679959508e-15,1.742150054324316350e-13
2.366883988274388261e-13,6.720356254359656450e-15,1.745236341235902570e-13
2.348980260209362707e-13,6.698996939506787547e-15,1.746260406359113428e-13
2.343749324773255071e-13,6.694957582906168181e-15,1.747874992827235152e-13
2.345111084698172872e-13,6.706092537282128462e-15,1.750036051456010670e-13
2.346184485369565304e-13,6.716939636173466795e-15,1.749290275668755197e-13
2.332546345390017236e-13,6.703007241858884987e-15,1.753021654994235507e-13
2.338167322741839835e-13,6.712972191127409536e-15,1.753368240351861795e-13
2.339728098990151495e-13,6.715463504317966468e-15,1.757389362770313206e-13
2.332340340540515628e-13,6.719576127725464858e-15,1.758852315831392364e-13
2.334770676010401767e-13,6.728062266895436626e-15,1.762718723544781757e-13
2.332534981537160521e-13,6.723679660681950228e-15,1.768474586106819548e-13
2.336441623704275205e-13,6.732212799375282197e-15,1.768983664833158788e-13
2.345808823583527524e-13,6.753310520077473226e-15,1.772244455738450413e-13
2.348391611912614397e-13,6.761692635062919496e-15,1.772832005009946126e-13
2.330203438370215282e-13,6.748686021087825327e-15,1.777599179791177982e-13
2.318919800623913562e-13,6.747108477348780863e-15,1.778232111976278597e-13
2.325302240884468119e-13,6.764773613939508857e-15,1.777067230414033054e-13
2.349330794325373789e-13,6.794587735536717537e-15,1.780768700682620704e-13
2.348524382951175668e-13,6.799757284969199292e-15,1.786024789474758038e-13
2.325569729928599168e-13,6.772072127204187046e-15,1.790027585680623632e-13
2.330430304358306371e-13,6.787369512861759162e-15,1.794734482110589419e-13
2.343195096030163695e-13,6.819996829637147811e-15,1.796356808092891717e-13
2.343839255615860151e-13,6.822096978585622008e-15,1.798639291547729659e-13
2.352797475720692910e-13,6.833773777239610742e-15,1.802374497892743400e-13
2.325187282648076858e-13,6.805278726541394221e-15,1.806738696375755645e-13
2.304661486425707406e-13,6.789551062142954711e-15,1.810470568224499169e-13
2.299157385394069222e-13,6.793440856509565064e-15,1.811428366829770591e-13
2.316731092874826746e-13,6.825426500642606878e-15,1.812309327244568722e-13
2.322528846768031815e-13,6.831415283826684718e-15,1.817849073802786315e-13
2.288760905160271283e-13,6.788883203465379379e-15,1.823857807668002353e-13
2.200135998687847864e-13,6.681632647390097066e-15,1.826997971088439974e-13
1.994020153880573506e-13,6.446640294374695317e-15,1.828912697271076959e-13
1.787732574135682107e-13,6.215246178263408769e-15,1.831888814327168569e-13
1.835970374402439773e-13,6.289144073345963322e-15,1.833945991833270843e-13
2.014119068567194723e-13,6.506963795306438184e-15,1.837636600810619218e-13
2.062595932750900228e-13,6.568923954362519465e-15,1.842934419885163704e-13
2.019301131880895596e-13,6.524814966790235721e-15,1.845721737377550338e-13
2.014370216904517799e-13,6.528544202298519217e-15,1.848848288916297962e-13
2.057493233991688775e-13,6.588725269954176786e-15,1.850194671731073892e-13
2.122760814118083619e-13,6.676117837153330438e-15,1.852815994950663499e-13
2.184794826621045882e-13,6.762271530125566789e-15,1.856498299291750222e-13
2.213504712642201459e-13,6.802611764506337936e-15,1.858996296713370441e-13
2.217397132684048033e-13,6.813205269449018712e-15,1.862008658890334354e-13
2.244115237590872597e-13,6.851500943962015275e-15,1.863710881548828787e-13
2.284244691495033001e-13,6.905690055680714774e-15,1.866907311247042538e-13
2.295982464057842702e-13,6.926962458312929844e-15,1.871349491381595012e-13
2.291174934745659250e-13,6.920941529050309018e-15,1.874673561096891821e-13
2.288840254421464967e-13,6.921230059916939104e-15,1.878648856108338477e-13
2.282526389379639507e-13,6.924101874392735958e-15,1.880071722967523351e-13
2.275557457188094703e-13,6.925093890904350115e-15,1.879064867307814243e-13
2.298170221348623655e-13,6.959091698294460372e-15,1.880937191091762565e-13
2.323533342725656372e-13,6.993950649574336043e-15,1.885292206328079810e-13
2.344555358031239345e-13,7.013218295746988473e-15,1.889901386163991227e-13
2.352873933669748455e-13,7.021892732255398786e-15,1.892305390016760733e-13
2.336551420000164736e-13,7.009910348141449510e-15,1.893020378957594003e-13
2.323759250283362227e-13,7.001038576341465192e-15,1.892757199961430537e-13
2.327192978288106249e-13,7.014084523323856501e-15,1.891479319651151072e-13
2.316850414954089886e-13,7.003000463899826494e-15,1.892524946064431638e-13
2.321877648243469907e-13,7.009192804857426109e-15,1.894135269713408475e-13
2.330017751889076567e-13,7.029361516028115341e-15,1.896661769823794869e-13
2.333498264106096276e-13,7.031559613956409091e-15,1.900135933182728043e-13
2.315156804099646029e-13,7.014146181877326146e-15,1.897175660691915023e-13
2.302999425887579290e-13,7.001615828055488957e-15,1.903933167047270528e-13
2.278978449203560439e-13,6.974463002328613644e-15,1.904514178967518864e-13
2.297968094977946855e-13,7.002766882572724460e-15,1.904858054878764627e-13
2.323548001361422548e-13,7.036622397321363538e-15,1.907083389604996313e-13
2.333549429670991841e-13,7.058659585843637314e-15,1.909064781684487703e-13
2.338691334192123379e-13,7.065455228801973810e-15,1.911654583087842201e-13
2.310428509021831571e-13,7.036810905534528882e-15,1.914358737539124686e-13
2.296125790067879040e-13,7.027036670918386049e-15,1.916764663548667581e-13
2.301140807572784875e-13,7.039973533890301518e-15,1.917388163075162925e-13
2.302463504008633335e-13,7.046219563981177089e-15,1.923456466191419341e-13
2.252818344054946858e-13,6.998150503215359421e-15,1.926598228731228652e-13
2.157393262947243717e-13,6.899598145826439750e-15,1.930526094019913740e-13
2.223728262648724806e-13,6.980057973845272937e-15,1.937961121577576765e-13
2.288720527634048281e-13,7.064666761268083913e-15,1.941629975053240880e-13
2.316860109573683540e-13,7.120119384201550028e-15,1.943246055331535958e-13
2.352209594762689697e-13,7.164920310023347542e-15,1.953611032810908024e-13
2.373279723013128025e-13,7.195682862082644545e-15,1.955098771212907419e-13
2.370395272687635051e-13,7.216354356499226020e-15,1.955960343269915939e-13
2.331847073036810946e-13,7.162860176989199318e-15,1.962660108830205088e-13
2.334421624524391334e-13,7.175925409579878587e-15,1.968034648139731997e-13
2.345428783585328917e-13,7.199082695925697243e-15,1.971721680229800815e-13
2.360967568843519267e-13,7.227159150592484863e-15,1.971444988496755344e-13
2.355126934898884653e-13,7.228904959394263173e-15,1.971652314895779714e-13
2.375225779369257713e-13,7.247577613285534436e-15,1.972427304990393170e-13
2.369450320093133559e-13,7.243266024938065529e-15,1.974707017734499806e-13
2.348081657577387972e-13,7.212260104894435575e-15,1.975053133751903628e-13
2.304543966775435526e-13,7.167847245237735472e-15,1.977855509607323801e-13
2.320382408172340006e-13,7.189913595183103549e-15,1.979842463784290829e-13
2.336958388363081835e-13,7.209235897846643551e-15,1.978475788386850111e-13
2.353788729558356259e-13,7.235038328183524334e-15,1.973135687277552429e-13
2.338707211842744564e-13,7.208254693554896235e-15,1.982835136778581609e-13
2.286556701516125447e-13,7.150385931725481531e-15,1.982790285740999105e-13
2.259980711065430707e-13,7.134002731637972503e-15,1.983480614962916033e-13
2.233466389552752298e-13,7.100200270823018221e-15,1.988941434396016289e-13
2.196633226728349052e-13,7.065041242031957280e-15,1.989762249902015329e-13
2.195756974399155619e-13,7.076276414643534795e-15,1.997166249497640771e-13
2.223456817622909547e-13,7.117471318023212217e-15,1.998857099342208871e-13
2.248586178166764219e-13,7.150670300459060878e-15,2.005234161790747109e-13
2.229082100666196069e-13,7.141449324534597542e-15,2.009137408986258715e-13
2.199935020141596294e-13,7.114571711791526432e-15,2.013204531794703820e-13
2.192966650840162087e-13,7.120044375668698089e-15,2.019107168483375766e-13
2.264905141863175843e-13,7.226028659892929332e-15,2.023564983922847206e-13
2.327239992972923777e-13,7.307714110264712360e-15,2.029319354613676464e-13
2.330148951521387723e-13,7.320998331637810081e-15,2.035515214478243943e-13
2.237322422206365542e-13,7.210212435766643846e-15,2.041592829032021419e-13
2.258082572645414159e-13,7.257840705358013762e-15,2.046600329630776203e-13
2.311292324561135518e-13,7.327181435566082457e-15,2.055286188785982055e-13
2.270858433329896912e-13,7.297164490713327880e-15,2.059455024902445747e-13
2.241267238320907512e-13,7.269004248792351387e-15,2.068044666519843278e-13
2.222457921673495961e-13,7.252421527740738793e-15,2.067575747639977660e-13
2.273454486142821976e-13,7.315789178827945030e-15,2.069093453584899845e-13
2.313811344493639794e-13,7.379105775810226497e-15,2.073514772949894746e-13
2.327842963348419220e-13,7.397868361307338893e-15,2.075118839680790834e-13
2.293729694968155109e-13,7.373780105123691481e-15,2.079106248011411682e-13
2.253364316201630584e-13,7.323435036442001293e-15,2.084187355160729721e-13
2.205704454598530756e-13,7.277839105391082635e-15,2.092251420994205935e-13
2.147602126061908583e-13,7.219599519412471483e-15,2.097416437449325723e-13
2.217957756682163388e-13,7.315738568828441658e-15,2.092414631035299744e-13
2.320667205714400603e-13,7.450388276911486763e-15,2.094190993628269148e-13
2.292291975102544293e-13,7.424572627935174119e-15,2.103540707065838681e-13
2.252423173940912683e-13,7.393655339391471488e-15,2.112417311812753531e-13
2.213646447594920301e-13,7.359716716710024244e-15,2.116899686543222156e-13
2.252490103401338391e-13,7.428739478332855469e-15,2.127266039225887121e-13
2.287642860449579781e-13,7.491142330345398858e-15,2.135160436542958203e-13
2.323546822962215029e-13,7.550780778838517350e-15,2.148987385355954942e-13
2.358109085927237754e-13,7.599896521124232628e-15,2.154970648538345328e-13
2.364846766610320255e-13,7.631392170626748358e-15,2.163126071925959402e-13
2.296032700716294088e-13,7.570758433216285571e-15,2.174373613634376548e-13
2.272608531549152420e-13,7.571046521029995634e-15,2.181218062871665983e-13
2.313242900759717636e-13,7.644277449321596292e-15,2.192464188218471060e-13
2.351402576974093522e-13,7.707240727121709296e-15,2.206754519703942503e-13
2.369093642013324851e-13,7.757277452850731274e-15,2.216469068349222878e-13
2.376438725762561460e-13,7.783657560204654574e-15,2.228745682883278016e-13
2.346201513747880112e-13,7.775105919493554635e-15,2.241168192808344385e-13
2.310081838013083956e-13,7.750532220528983830e-15,2.256655265056377995e-13
2.290263536895119936e-13,7.764695160631959840e-15,2.266811566402774450e-13
2.311078451078548701e-13,7.832988213280212851e-15,2.275590175841445439e-13
2.335018110385969804e-13,7.879186697625039530e-15,2.289268979451776815e-13
2.398144098627337760e-13,7.988281047125647554e-15,2.303698887800181676e-13
2.460388427857714217e-13,8.091096891958979705e-15,2.319180668443003004e-13
2.497171339449137735e-13,8.171173722724296357e-15,2.336533746140943933e-13
2.483149504664991785e-13,8.183764972500200148e-15,2.348574593545742515e-13
2.417301334823360036e-13,8.129935895245110598e-15,2.363862014074104952e-13
2.340596655507555147e-13,8.061304659826536794e-15,2.376517443061893464e-13
2.344507474577892348e-13,8.096780605852767796e-15,2.391648692090284886e-13
2.394586534439328557e-13,8.196088328578161574e-15,2.405688302449114731e-13
2.468741483430660127e-13,8.314244414698017714e-15,2.419642482866401991e-13
2.492668194331304091e-13,8.383775698128034563e-15,2.435120511808528930e-13
2.513864709111155583e-13,8.455433721055530146e-15,2.449175301591066140e-13
2.505453197883502722e-13,8.470216228139266151e-15,2.466913693069524240e-13
2.521109808569045617e-13,8.517928371933637160e-15,2.481659897375660649e-13
2.494440714898206752e-13,8.527766602694181608e-15,2.497681625729950080e-13
2.438302506983219633e-13,8.484857609829585555e-15,2.518019806123024441e-13
2.456818388619567355e-13,8.545396471841038278e-15,2.536385706816000157e-13
2.541446862982409619e-13,8.695916494334902838e-15,2.550377592626643500e-13
2.594809589364388957e-13,8.788094726374572300e-15,2.572505739821830522e-13
2.564670906471028006e-13,8.785562664356061750e-15,2.590537462976691641e-13
2.523028167422838747e-13,8.769826756766290087e-15,2.609855466025232386e-13
2.509080873699606290e-13,8.801853239746952593e-15,2.630670734042351475e-13
2.450863397454429378e-13,8.779362386021164962e-15,2.646017450654422457e-13
2.488404708684987553e-13,8.883445366477818557e-15,2.666321423522739040e-13
2.600171635858991858e-13,9.068574126957229977e-15,2.683097449943620139e-13
2.644137076005504180e-13,9.148634934089240777e-15,2.710752278467503703e-13
2.587295044726908945e-13,9.130485312103597633e-15,2.727662894464432084e-13
2.546372302223999778e-13,9.135698631497468600e-15,2.747636331736333627e-13
2.486861403599860711e-13,9.088212329550957290e-15,2.782229114880269306e-13
2.589190265555414793e-13,9.277696989024170200e-15,2.805401668831606735e-13
2.688981922342018901e-13,9.469363764772014288e-15,2.827742134793807083e-13
2.739684284497911692e-13,9.573209394728407141e-15,2.852880486282069581e-13
2.740667962990649278e-13,9.633415104263005466e-15,2.875635218903776652e-13
2.682890687227823333e-13,9.598113007751390180e-15,2.902644065377083372e-13
2.566715521309610371e-13,9.509475711912539662e-15,2.930037957451515418e-13
2.593837259683404997e-13,9.614237202404910626e-15,2.956444065223625548e-13
2.738966977742325532e-13,9.847656189644327326e-15,2.981765170434497140e-13
2.773075612739861199e-13,9.942081512086379864e-15,3.014042186319245820e-13
2.643315823134131764e-13,9.839392956028520189e-15,3.035394956577503127e-13
2.554008766701779771e-13,9.781982361288028436e-15,3.066335406218205762e-13
2.641933731298146481e-13,9.959222991163953614e-15,3.090853533672438531e-13
2.734366073143331063e-13,1.012318734957999547e-14,3.122711201691959891e-13
2.794174307532008134e-13,1.024961640315998918e-14,3.144694149764140005e-13
2.713883471498888921e-13,1.016843816468593116e-14,3.173699722298728255e-13
2.394296474554576560e-13,9.707454811098472559e-15,3.202007586341083233e-13
1.672294719125706135e-13,8.588908100346428775e-15,3.227883159857353815e-13
9.788055652399190374e-14,7.444353506707587765e-15,3.255815625229152914e-13
7.561727880952826095e-14,7.183587390933075841e-15,3.284544273497104917e-13
9.138676088500388219e-14,7.613133372222195238e-15,3.313035478865841720e-13
1.325065164368869254e-13,8.335483079115628301e-15,3.342166872394950261e-13
1.626472524624722261e-13,8.866416212506625354e-15,3.367419475719657537e-13
1.508514374082066610e-13,8.739129686552440919e-15,3.386540484001151526e-13
1.354661739231066070e-13,8.541828199158867327e-15,3.412222073986426637e-13
1.429181792419736460e-13,8.733592858653221423e-15,3.438303523333376283e-13
1.587792922366188484e-13,9.020450508183258052e-15,3.461014893007996685e-13
1.728343443394241860e-13,9.297740033098317752e-15,3.481386960979215454e-13
1.828095127125554552e-13,9.516580527964292781e-15,3.493886589183839549e-13
1.915399675327328618e-13,9.699570714610569175e-15,3.511322360014760060e-13
1.956343791530832129e-13,9.786396870850704839e-15,3.535567891834288925e-13
1.996914674424498927e-13,9.910787828185092032e-15,3.554953128443840263e-13
2.170736693234020907e-13,1.023917589544857472e-14,3.570703931609562618e-13
2.389912981068104847e-13,1.058426285393576749e-14,3.586880775325093797e-13
2.443748669278349400e-13,1.068356810716860754e-14,3.603294906090448141e-13
2.360084683008408725e-13,1.058634535058957944e-14,3.620743374758664309e-13
2.271219019219625157e-13,1.049527876204322296e-14,3.638941201613805876e-13
2.214610603270247580e-13,1.043557259833137421e-14,3.650443145301083647e-13
2.193982169785488811e-13,1.045561124805257387e-14,3.671846095593845278e-13
2.333725199155119064e-13,1.070030481406506638e-14,3.689658265442492231e-13
2.463314444149519322e-13,1.091261795843155341e-14,3.709033682738542010e-13
2.477387039627787340e-13,1.098161394246197243e-14,3.728004238259145402e-13
2.385920543375375440e-13,1.086769012264718179e-14,3.752774425946154673e-13
2.253966541663889786e-13,1.069038404137949373e-14,3.765064604851895782e-13
2.167062673398308416e-13,1.061793151621225584e-14,3.783114613096937797e-13
2.182018754719770358e-13,1.071377953604265916e-14,3.804344709730993733e-13
2.270194132254986786e-13,1.088776376150832271e-14,3.832529619719941172e-13
2.350089243471404422e-13,1.103092922660397402e-14,3.854815559212482929e-13
2.365933578630947104e-13,1.110675860330077163e-14,3.881848101478107210e-13
2.419282251147490405e-13,1.128032273728784469e-14,3.909782243410737516e-13
2.366053513915082076e-13,1.126268734701649461e-14,3.947762507624625812e-13
2.316633088741197596e-13,1.123767015623175918e-14,3.980692033271381562e-13
2.348701133174489237e-13,1.135052427196016208e-14,4.018041610672004895e-13
2.360783282727865742e-13,1.147687876013326766e-14,4.056972415361751901e-13
2.341953789463520380e-13,1.152827521761634369e-14,4.104424834122621215e-13
2.324067986512043488e-13,1.158846104618255099e-14,4.154608131292466452e-13
2.223353606819457078e-13,1.151519442400926885e-14,4.204463460985676574e-13
2.101475851664593622e-13,1.145711344576475557e-14,4.253221958359745704e-13
2.070963835729135239e-13,1.151000530541816679e-14,4.320429749433880554e-13
2.074967362087908388e-13,1.166524226659727431e-14,4.377288413588232345e-13
2.046268488708717629e-13,1.171392182000021823e-14,4.452339340398723605e-13
2.041955490594089413e-13,1.188837213880237026e-14,4.524538328517335207e-13
2.021342126351186215e-13,1.196216123542787192e-14,4.595210467420813484e-13
2.016863122192254093e-13,1.207704692119691405e-14,4.677305917373937448e-13
2.046443344181822736e-13,1.231146109098135133e-14,4.759712402781064315e-13
2.123727812298110152e-13,1.264424293895750612e-14,4.836916305292134384e-13
2.191047283354480193e-13,1.290386886198505466e-14,4.924985734206903269e-13
2.271636699865771432e-13,1.319150902929079495e-14,5.015273479717208965e-13
2.274656766927688976e-13,1.331348708274675594e-14,5.104153340401851092e-13
2.114009929246902687e-13,1.318548954486049832e-14,5.193937121805477282e-13
2.014928018848345328e-13,1.317564439820565743e-14,5.281102416254548530e-13
2.013597779322578654e-13,1.332355496588120972e-14,5.362804266925742592e-13
2.018307887527959959e-13,1.352864957351166039e-14,5.446033582953935331e-13
2.122172550084784237e-13,1.387950256123094285e-14,5.520821520947136670e-13
2.224227146229112825e-13,1.414579778617980620e-14,5.606672459033364194e-13
2.283107922414471468e-13,1.437590306427603967e-14,5.690843010734602031e-13
2.297367157309476908e-13,1.459330002614304278e-14,5.764837565873362402e-13
2.299746365143419822e-13,1.462731335663043825e-14,5.854998870641309642e-13
2.305805788879040175e-13,1.478621392443371008e-14,5.929061952915577699e-13
2.298392654332814436e-13,1.489577740372028194e-14,6.025240462959670634e-13
2.155376254681130658e-13,1.483297951315110486e-14,6.105872186635631968e-13
1.956590930515347575e-13,1.464420342357656772e-14,6.200825628099163475e-13
2.006548142620328723e-13,1.491295042579074254e-14,6.289919387291218655e-13
2.060331615856805644e-13,1.518899717570259839e-14,6.371978727088047565e-13
2.103960711892021655e-13,1.541472985589894363e-14,6.467806615208812686e-13
2.224698314947062065e-13,1.581276083274966703e-14,6.561237591784173613e-13
2.214035372970055843e-13,1.589984989921864177e-14,6.670532098647593881e-13
2.081175757900695304e-13,1.587284005400075006e-14,6.770291626865991176e-13
1.965223515686305212e-13,1.585246213775499184e-14,6.875162247077195116e-13
1.996398270703333314e-13,1.617134416133072930e-14,6.985000960990814197e-13
2.119832843114693827e-13,1.651169604379522046e-14,7.110854739311864861e-13
2.214076040557368876e-13,1.679264236183351255e-14,7.234714660845215332e-13
2.223171701404716136e-13,1.705512758636129422e-14,7.349303259601285556e-13
2.071951445613519878e-13,1.699793558790343596e-14,7.475469201989759937e-13
