# Count, Count Uncertainty, Sky Count
8.962769547246993707e-01,1.210857493801027029e+00,4.574858967293734509e+02
3.202352434891774791e-01,7.991262813190410652e-01,4.580389607475023581e+02
7.789977776794368980e-01,1.159304688571872521e+00,4.576382960857533249e+02
4.802612036070000867e-01,1.007348198809291384e+00,4.580314225102234786e+02
2.934155118049242561e-01,8.904745096768872381e-01,4.581050954176616870e+02
3.619403195423729347e-01,9.510051012479201482e-01,4.581498721180377629e+02
8.194334651027683769e-01,1.286663223912728027e+00,4.576319946055446621e+02
3.590868308272583964e-01,1.136548101510973074e+00,4.581565674512555120e+02
7.837624099999440652e-01,1.194004536273892247e+00,4.579723063340435374e+02
4.582216629681872266e-01,9.645147583224229493e-01,4.582685699281244638e+02
8.260547314665949159e-01,1.159588099390472360e+00,4.573968214697513872e+02
4.508916448544841860e-01,1.069984557590891949e+00,4.580861713444957672e+02
3.257047222491792349e-01,9.107403071665720606e-01,4.583052176154732820e+02
9.755562450469256186e-01,1.325631625175932804e+00,4.573998927753277144e+02
6.042915101218055973e-01,5.699289891632156602e-01,4.585225937865133687e+02
4.543465934168086640e-01,1.009860665384771705e+00,4.581008556297683185e+02
2.656053021590783492e-01,7.539737171980257502e-01,4.584182533168813052e+02
6.828683354235143277e-01,1.117051599066630097e+00,4.578393474429331036e+02
6.417708748907462457e-01,1.123763669463177628e+00,4.577544948062216008e+02
3.575530890222012315e-01,8.244132685315380682e-01,4.584556403330539638e+02
7.855469429373028722e-01,1.173606956864648554e+00,4.575392865034409624e+02
3.240258786653801848e-01,9.048221291846662018e-01,4.585606444092132961e+02
4.802745101624869561e-01,1.078037229916749107e+00,4.579488952944910807e+02
4.725500514781950656e-01,9.973781127952587866e-01,4.578333784359158471e+02
3.922464951100797514e-01,1.003549755750419603e+00,4.582939536834406908e+02
8.181931902545367397e-01,1.209537176432756711e+00,4.576196144561527603e+02
3.610713859815613547e-01,9.764737966077955411e-01,4.582898815372173544e+02
4.052245786587641563e-01,9.946796069203577284e-01,4.581390457472153912e+02
3.392297428328333031e-01,9.809161413442045729e-01,4.580523780927128996e+02
5.630119592046887167e-01,1.185438126039255913e+00,4.580597352517750664e+02
6.005873322623206390e-01,9.454950823360482870e-01,4.578745718518277386e+02
1.154166642816349952e+00,1.353582879776775716e+00,4.576106039416848148e+02
8.263748061137846657e-01,1.296815628898265960e+00,4.575021105573157456e+02
3.324476673223121792e-01,8.226140041535022762e-01,4.582818648444678047e+02
7.251513982653022827e-01,1.055387445502920185e+00,4.581979610439718158e+02
6.271877106778959154e-01,1.168412349150094176e+00,4.579881562374173996e+02
1.347461692519561938e+00,1.409464906266131967e+00,4.573240932608607068e+02
5.029466497806253100e-01,9.931501703609111331e-01,4.581898645444776434e+02
3.964325776297187298e-01,8.620936315459393207e-01,4.584538070319024428e+02
7.645296198662757670e-01,1.160890166425033510e+00,4.575006332883466484e+02
7.705448840998937454e-01,1.203781609658108875e+00,4.577950577724088816e+02
1.189815308845921571e+00,1.344702400412282062e+00,4.575062271234180571e+02
3.748310092273905991e-01,1.004802756790163398e+00,4.578627287233811103e+02
8.184483116666966263e-01,1.166322896234314621e+00,4.578904726167238550e+02
1.429775505299289151e-01,6.857128774809081451e-01,4.585627941443008240e+02
4.574318778032439026e-01,9.354733462685077550e-01,4.584762118811295295e+02
1.226177767114995820e+00,9.461932626569957705e-01,4.576838089223056727e+02
2.464351568378466695e-01,9.050952814947912373e-01,4.588640036104152387e+02
4.857486426272241142e-01,1.112378845889980150e+00,4.588493862942495412e+02
4.540894187083210354e-01,9.362405415531892539e-01,4.584669078997359861e+02
1.267669487052169641e+00,1.318548268451273486e+00,4.572878105533700364e+02
9.937262100211001759e-01,1.196266581641242999e+00,4.577938625294096369e+02
2.968585350830589831e-01,9.471093526903278104e-01,4.589694565235529353e+02
8.448191899445325337e-01,1.108118881140503387e+00,4.576832616789454846e+02
5.592848770807429259e-01,1.169382816616502785e+00,4.583253911327692549e+02
1.011556629085328396e+00,1.376896523746459211e+00,4.581681470791235142e+02
1.360571204261327383e+00,1.277404708719097837e+00,4.576870851048101372e+02
9.794741684571005580e-01,1.011433430476836426e+00,4.585420304380829748e+02
1.490697777708452021e+00,1.147355230774834034e+00,4.586279793796017543e+02
1.301921620524268741e+00,9.982847673461100468e-01,4.589072619824955268e+02
1.889896397068402178e+00,1.007458483351225231e+00,4.581646725564314693e+02
2.148649032529549086e+00,1.066549937830417960e+00,4.582569487607693759e+02
2.178820515902333721e+00,8.641482890306463327e-01,4.589367493508977418e+02
3.599273386402491504e+00,9.938480777959946000e-01,4.579502263597100296e+02
3.834293739043344473e+00,9.476728309413423590e-01,4.583349154191545836e+02
4.368532363232170646e+00,9.303119664090184759e-01,4.587792470031227481e+02
6.040705990653080448e+00,9.151658149777559537e-01,4.582597029829854023e+02
7.470763277935133395e+00,9.096809323350414367e-01,4.585557133979205560e+02
9.983170824911033137e+00,9.868450586049103412e-01,4.575321494979850740e+02
1.250615046258560348e+01,9.686772888702898099e-01,4.575496795957076301e+02
1.276735954397593353e+01,9.168453295119566304e-01,4.582549923656041528e+02
1.445236240481075285e+01,9.469599967468832480e-01,4.581154970148412531e+02
1.531698389059749843e+01,9.327030362605374103e-01,4.579534153727384478e+02
1.714799565846950813e+01,9.258672074128420082e-01,4.584591044470722068e+02
1.620883552004707795e+01,9.179293435340701857e-01,4.583649760018939787e+02
1.718313123758335692e+01,9.670770027459130169e-01,4.572153569992707958e+02
1.610498560090688258e+01,8.904777935099793540e-01,4.586923326889655641e+02
1.635376406928403625e+01,9.091367898206154097e-01,4.581888923259609214e+02
1.641612948188614851e+01,9.091729993025456924e-01,4.584945751754104322e+02
1.559409291820185572e+01,8.963763719018911225e-01,4.590790829498326389e+02
1.603607460408948882e+01,8.889388803637233716e-01,4.586102080827259897e+02
1.657301261219771860e+01,9.229714671053597108e-01,4.581742713596677845e+02
1.653144733652553100e+01,9.136461067617582810e-01,4.588483142936702279e+02
1.679923067841615136e+01,8.975285083304578304e-01,4.588641309783608335e+02
1.685393836241817311e+01,8.900047684988277030e-01,4.586061523730941190e+02
1.788892621465155131e+01,9.358033519196184979e-01,4.580132602818276837e+02
1.788264244788776836e+01,9.189917767001892779e-01,4.583037669660741926e+02
1.855998433430998418e+01,9.178401138100689138e-01,4.579168505414455694e+02
1.770750960903199456e+01,8.857388750689797474e-01,4.591573231751842172e+02
1.799782395899833531e+01,8.877039212224858700e-01,4.586737692473936931e+02
1.899573233117151361e+01,9.090344461660143649e-01,4.584931754596793212e+02
1.874501580264888290e+01,8.817981515361965617e-01,4.590039118792716408e+02
1.951382355344632558e+01,8.957179207877349336e-01,4.590257508065038223e+02
2.016126688145463319e+01,8.927256928561335680e-01,4.586195362233030437e+02
2.069998085433036294e+01,9.110861531992296980e-01,4.588917953647277841e+02
2.042097416843301971e+01,8.965425558208850454e-01,4.584470369623358579e+02
2.072616078315235200e+01,9.061610046566611620e-01,4.588257987112604610e+02
1.973206534440460302e+01,8.887562719192187988e-01,4.588241081079196420e+02
2.195179596724213056e+01,9.092878255771313922e-01,4.583703016903716048e+02
2.299538245301042494e+01,8.800695710823381868e-01,4.589609889798156814e+02
2.470549046066407683e+01,9.155866843951847578e-01,4.581067369167993775e+02
2.675853721629187731e+01,9.230670637786920762e-01,4.584031442719389133e+02
2.717943804809976882e+01,9.205921382175985546e-01,4.587170833801047820e+02
2.869454270827558418e+01,9.155058724064558673e-01,4.588334515016476303e+02
3.052122715126575869e+01,9.281735678374043452e-01,4.585112229057442619e+02
3.109238450960741318e+01,9.310650675593535874e-01,4.581780807990554081e+02
3.196382440109669432e+01,9.203102546765598024e-01,4.586492361096514969e+02
3.385313164315950729e+01,9.463386946418617107e-01,4.580752879068047037e+02
3.391029431737769073e+01,9.311628530702104056e-01,4.589950316024916219e+02
3.400611048028206085e+01,9.198966795927909779e-01,4.593482567448220379e+02
3.653320542691806594e+01,9.505877275787830705e-01,4.587037175120328243e+02
3.784187427003539739e+01,9.544926210782170850e-01,4.580597924173261504e+02
3.712772915346476310e+01,9.281597787023537771e-01,4.586527462353442957e+02
3.885551742767525241e+01,9.431322123512703159e-01,4.589738273274871858e+02
3.966861348289364031e+01,9.455496169731146816e-01,4.587248767265835454e+02
4.082830675334800219e+01,9.663514731663199742e-01,4.579033578856692088e+02
3.965468704539836864e+01,9.382725612507241131e-01,4.595519965919423839e+02
4.263075330789594375e+01,9.564934066752114328e-01,4.586425429550303647e+02
4.338113626814741508e+01,9.657904597906888933e-01,4.587231492552845680e+02
4.282849889074305594e+01,9.602461138835216570e-01,4.588154861163732221e+02
4.406096165724991920e+01,9.590274928169387758e-01,4.589706310467107642e+02
4.559798507591062844e+01,9.695651908713929235e-01,4.583644163190600125e+02
4.667919260522277369e+01,9.675520098544238001e-01,4.582981760379357752e+02
4.874607996547441502e+01,9.773047464122056605e-01,4.586956841530754900e+02
4.890057332055633310e+01,9.772852804852285580e-01,4.589722533811444691e+02
4.787074132419044759e+01,9.684654589315928597e-01,4.591107615746480519e+02
4.926025963574912936e+01,9.650258073011163118e-01,4.589279332179164612e+02
5.016243013263397899e+01,9.798515401410454739e-01,4.587180061767245434e+02
4.973879386424551541e+01,9.638358731563736459e-01,4.586952348979994554e+02
5.140443561307782261e+01,9.730678358898535718e-01,4.591330633009745270e+02
5.260680512649066287e+01,9.858404553067213749e-01,4.586838237151090425e+02
5.266115579831342330e+01,9.800358298906838295e-01,4.594350269561830373e+02
5.333316365306937712e+01,9.784378431232142459e-01,4.594316311427967321e+02
5.508388786657715741e+01,9.948049584981792925e-01,4.587370627467644226e+02
5.744010933231035665e+01,1.003984089356304787e+00,4.581594185271516722e+02
5.629200714828042607e+01,9.958790937343952043e-01,4.584837189055693329e+02
5.688641192168019955e+01,1.000022998676926456e+00,4.588239487422869161e+02
5.608026002638865037e+01,9.857070503595333211e-01,4.597843297930996300e+02
5.937142345801126453e+01,1.009904314035942940e+00,4.585998253877218076e+02
6.043800339982814052e+01,1.014595772775283011e+00,4.585979765166152333e+02
5.994749815196109921e+01,1.005953107339321528e+00,4.587842354991686307e+02
5.978928915604636529e+01,1.003729490867480756e+00,4.592936275804132720e+02
6.149185775127448039e+01,1.015378880642712867e+00,4.587560704631857220e+02
6.323514797538184951e+01,1.024056254102066355e+00,4.589910567304884808e+02
6.344170429405156142e+01,1.019379760883101449e+00,4.589624659775092255e+02
6.257951959670599251e+01,1.000975622820394095e+00,4.601140069299572701e+02
6.482826692366242582e+01,1.020622063847091532e+00,4.591883385062628804e+02
6.464278692486021782e+01,1.010786125850247741e+00,4.601367785086982281e+02
6.616381564007635063e+01,1.033820809911516259e+00,4.588572933627732482e+02
6.742164104238085542e+01,1.032217038642565532e+00,4.584125226077876505e+02
6.794552701454323085e+01,1.029532573392935246e+00,4.590894512362289106e+02
6.826502713769775710e+01,1.028825985571468760e+00,4.589670112785087781e+02
6.856805192741481392e+01,1.036817456497670209e+00,4.588477480337771226e+02
6.614140689419971864e+01,1.019115560118461605e+00,4.594010736561502313e+02
6.194793545253369160e+01,1.011003513578464297e+00,4.590652559954243657e+02
6.029212789068381539e+01,1.013829350399804152e+00,4.590864440645811442e+02
6.547484494721418002e+01,1.021340834492919347e+00,4.598447762586062595e+02
7.176248410773183650e+01,1.050591288374224108e+00,4.592495504477356008e+02
7.369757620745788529e+01,1.047072143522000065e+00,4.592298150035946378e+02
7.597251264428729201e+01,1.051404088510917711e+00,4.594608334835980941e+02
7.696356476932261614e+01,1.065018850751269897e+00,4.584581128178621157e+02
7.843141629652895119e+01,1.066603039795577024e+00,4.589475709397925698e+02
7.694305014731301640e+01,1.061779646524749321e+00,4.591109259701837004e+02
7.889354188240373844e+01,1.072689290612827140e+00,4.590299562376848712e+02
7.815452110156523702e+01,1.067033289903157378e+00,4.593048418900136198e+02
7.771543542241971636e+01,1.061492499378479115e+00,4.595505431757507040e+02
7.904521333503612368e+01,1.072337157811756647e+00,4.589043006936154825e+02
7.937853740552864679e+01,1.068171081334934991e+00,4.591613602151615510e+02
8.270710589911594468e+01,1.083004402484725182e+00,4.582776934432549751e+02
8.378640408082475233e+01,1.083056052051986073e+00,4.594097557766199316e+02
8.353070309657225323e+01,1.080566173748960024e+00,4.597310550749267009e+02
8.402580547362133245e+01,1.083089627478098338e+00,4.593142014656378933e+02
8.172250078742220580e+01,1.071460375557066191e+00,4.599057765738126022e+02
8.240333044057773293e+01,1.077755389563908706e+00,4.590124293512707254e+02
8.269359095192295683e+01,1.077847760710752612e+00,4.596543176385360425e+02
8.196301550820577120e+01,1.084133350938781604e+00,4.584122835431214185e+02
8.255737082674679073e+01,1.077633706029887284e+00,4.590160908283307322e+02
8.660037252778117534e+01,1.091884389732645566e+00,4.597071228128547205e+02
8.784544106121524010e+01,1.103055440527226372e+00,4.582197982482835528e+02
9.122166765621447837e+01,1.109224543802087570e+00,4.600122594725790464e+02
9.230806706622961144e+01,1.106130913436410790e+00,4.599027158142686744e+02
9.639791655753352018e+01,1.131464602207451264e+00,4.586549929371108760e+02
9.658141629424021346e+01,1.117410085908298489e+00,4.600650492802276403e+02
9.430143534715863041e+01,1.116495493667096106e+00,4.594095078828655687e+02
9.280760726106599634e+01,1.106234241541347529e+00,4.606216263649391180e+02
9.186145097562767603e+01,1.111579554610988119e+00,4.596732923271751474e+02
9.705741713263945769e+01,1.123481134841471496e+00,4.607678147018942241e+02
1.037168809482477627e+02,1.148829050372800031e+00,4.596337644737851065e+02
1.059523658838267579e+02,1.153928271076954726e+00,4.599411301135077110e+02
1.076363555763656592e+02,1.161967916526143174e+00,4.595308092280291135e+02
1.086978705784385824e+02,1.163961715367622496e+00,4.597265971000728655e+02
1.103046047280408288e+02,1.171466557263368236e+00,4.590667872927399458e+02
1.116520378344971505e+02,1.172623702968126569e+00,4.596322927234015197e+02
1.123435777237846054e+02,1.178114578261661993e+00,4.593139257298422535e+02
1.141777414260240988e+02,1.181546057777129288e+00,4.594532543797465678e+02
1.153893461530289670e+02,1.182496324502576579e+00,4.601736029300410564e+02
1.182681366479940692e+02,1.198754879055130784e+00,4.590705970301389129e+02
1.195322615732149529e+02,1.198535960085741037e+00,4.591462227905037707e+02
1.195255413589493827e+02,1.192037753435617464e+00,4.602316031529554152e+02
1.203879400817860272e+02,1.199437401277950066e+00,4.596250948126248090e+02
1.248053748613790788e+02,1.220081838786234218e+00,4.590285469228286956e+02
1.232763378761701745e+02,1.210409084910873734e+00,4.596018727012790350e+02
1.218078178169367334e+02,1.200214570603806985e+00,4.602997512114342840e+02
1.255203801796406680e+02,1.216718078577588624e+00,4.596513482247030993e+02
1.241473014413259079e+02,1.207061075967967634e+00,4.608007236447025434e+02
1.300266161459249759e+02,1.230439715923578925e+00,4.593291539062658444e+02
1.331333840499707435e+02,1.235951711087636129e+00,4.601708838086543096e+02
1.339480450144336316e+02,1.243827706505321151e+00,4.592285651240498510e+02
1.348733554115094080e+02,1.248128127463024928e+00,4.600278897312875301e+02
1.363857391516425537e+02,1.248944331967487109e+00,4.608180982879492831e+02
1.395633075797978506e+02,1.251939635570845422e+00,4.602937382806319988e+02
1.408439207201624583e+02,1.257315439328894113e+00,4.604132117110881950e+02
1.416308693809351951e+02,1.264461472429778466e+00,4.601038440096309046e+02
1.431150434432512384e+02,1.266593278633933561e+00,4.600125040557173861e+02
1.450974243921732807e+02,1.274715151149243608e+00,4.594836265019038706e+02
1.492000078076095804e+02,1.285989541316639784e+00,4.595205967491880301e+02
1.517047730272744843e+02,1.291597651978097616e+00,4.594818076512513016e+02
1.553851798918179554e+02,1.301522933040528907e+00,4.604203410187708982e+02
1.572582712576764550e+02,1.308992965528823937e+00,4.597142777281081294e+02
1.606178769980311642e+02,1.317269379413087860e+00,4.600240267212640788e+02
1.629221933787444527e+02,1.328464603901238661e+00,4.600737881979338795e+02
1.630628974337868442e+02,1.326077699321942749e+00,4.604803491333983629e+02
1.655909548479815214e+02,1.332200841919397805e+00,4.599516552305483401e+02
1.629993948712978522e+02,1.323122493882786133e+00,4.598836444528272978e+02
1.601959832221619990e+02,1.315806314297850665e+00,4.595651809788884634e+02
1.569101125215087507e+02,1.308951166825917500e+00,4.598961050735757681e+02
1.543410145808856271e+02,1.302157757544207595e+00,4.599900326767046863e+02
1.654742777566739278e+02,1.329075792476307916e+00,4.604847838813168437e+02
1.749267513749593661e+02,1.356389861191548363e+00,4.608564891639177290e+02
1.786384716409006046e+02,1.365321236426041196e+00,4.605010027216123376e+02
1.823938680352709412e+02,1.376091693489950085e+00,4.606393514206060331e+02
1.846693605835612004e+02,1.382364445592285218e+00,4.607869128175233300e+02
1.841768209315484057e+02,1.379870666966028558e+00,4.605567746340337294e+02
1.831479599198378878e+02,1.378412929149207100e+00,4.605070693924039347e+02
1.827848645370059728e+02,1.382959940879683991e+00,4.600884460309310384e+02
1.876443247425418406e+02,1.388572133728558811e+00,4.604086085889417745e+02
1.890680883091622206e+02,1.390640703267108425e+00,4.609333258431325362e+02
1.916606237821879404e+02,1.405039156245071696e+00,4.599577713571630397e+02
1.923054718642746366e+02,1.402261366237123053e+00,4.601028220462019362e+02
1.917103300234861081e+02,1.397816215836473530e+00,4.617399496789437876e+02
1.864109404105830379e+02,1.382211879737977656e+00,4.611753747656778160e+02
1.935301049874552461e+02,1.404615930594530715e+00,4.602427897888443908e+02
1.955249108783126246e+02,1.407603637801950081e+00,4.607974017478675819e+02
1.971654288692410546e+02,1.416059500893010137e+00,4.603840641599878722e+02
2.000042564874818822e+02,1.422284985716244288e+00,4.602612060029414351e+02
2.053809504834919437e+02,1.436552016330977066e+00,4.608625213464113131e+02
2.041174653265626091e+02,1.432321401251765325e+00,4.608131955921172676e+02
2.051012142198109984e+02,1.433905206678019795e+00,4.611335420524246160e+02
2.060124810548899745e+02,1.439269983825613997e+00,4.610699457460787585e+02
2.045787371313029155e+02,1.435496490782923296e+00,4.603778394140377372e+02
2.046141688023551808e+02,1.428650815622232395e+00,4.612524388437852281e+02
2.062978564503717962e+02,1.440198936938244634e+00,4.600090828341244560e+02
2.059716668408465239e+02,1.438747043033893114e+00,4.606881117187343193e+02
2.087041999935242131e+02,1.440337439297988631e+00,4.611434770449229745e+02
2.129517482911603850e+02,1.457018518095821058e+00,4.601420929019333244e+02
2.147353328031332751e+02,1.458956315188604691e+00,4.603542298480965087e+02
2.155356549358952236e+02,1.463543592700011997e+00,4.605036682832755446e+02
2.223175806643372425e+02,1.479434023296435807e+00,4.607638424204482135e+02
2.256733728958470522e+02,1.487921173029575606e+00,4.605025143802493517e+02
2.236637487648420972e+02,1.483069707483404054e+00,4.611807929733110996e+02
2.283658923314547735e+02,1.494339223402895600e+00,4.602901047646354868e+02
2.312700168079763614e+02,1.497465424501466913e+00,4.615872254824427614e+02
2.331412846948787774e+02,1.506199877040957480e+00,4.604244492654037231e+02
2.324640112250482105e+02,1.507067493752560550e+00,4.603913510595203320e+02
2.329527910813218909e+02,1.510614063659819317e+00,4.602883318858267216e+02
2.370087388875685122e+02,1.517763870109263724e+00,4.606830226969593696e+02
2.362894709149350945e+02,1.513207882677420457e+00,4.606886871728151505e+02
2.411808928508619090e+02,1.526745554512180858e+00,4.610076295907501276e+02
2.428336466854406979e+02,1.530128518909056767e+00,4.611346988762157366e+02
2.418146682813338941e+02,1.527206134503723556e+00,4.610712367837137435e+02
2.354017266939660828e+02,1.505605007360884429e+00,4.612757196000806630e+02
2.309012914613854548e+02,1.496855989854950719e+00,4.611909694946753575e+02
2.189618883807564771e+02,1.469931572276872211e+00,4.603514395619825450e+02
2.037443328439440506e+02,1.435257097029608797e+00,4.602393813943339751e+02
2.140432554621346810e+02,1.465604930621416946e+00,4.603291048945921489e+02
2.372579548917127852e+02,1.517512265992234655e+00,4.600089015095038576e+02
2.395282391964520912e+02,1.522079159446610541e+00,4.615393181548242865e+02
2.383903801528993824e+02,1.515998565379583995e+00,4.612739873331473177e+02
2.425725885784299010e+02,1.532164216917788924e+00,4.596775092650083820e+02
2.452672620971993638e+02,1.536035985896627709e+00,4.612847750265827358e+02
2.499071844482422193e+02,1.548495683337345108e+00,4.605437243058065633e+02
2.523081649395415695e+02,1.551229880730717658e+00,4.609607756306842248e+02
2.569092681806469614e+02,1.562478707697704694e+00,4.607115473985580820e+02
2.625497684855939156e+02,1.576149204644584190e+00,4.608985871375026022e+02
2.635811836870554998e+02,1.578900221078380017e+00,4.608712797461346895e+02
2.661257401490198049e+02,1.583018527991775004e+00,4.606612709486283848e+02
2.625141372893269818e+02,1.573278160015318949e+00,4.617394570769134816e+02
2.596009800258566997e+02,1.571612859872521861e+00,4.612449012120990801e+02
2.733489248167572327e+02,1.604339145792622823e+00,4.608552563621923923e+02
2.820652295543428636e+02,1.624428865069965422e+00,4.604658769730782524e+02
2.724253010662975498e+02,1.601570676548693450e+00,4.596708008321992907e+02
2.760814583081580622e+02,1.605379528469842221e+00,4.616459004620189148e+02
2.784346304619419357e+02,1.616337485866756074e+00,4.603891766565906778e+02
2.808204073167361230e+02,1.616092066907551583e+00,4.611141205759328159e+02
2.821105140992295901e+02,1.622971032611258968e+00,4.615641994899285692e+02
2.858332897717943979e+02,1.632739922132468546e+00,4.604992165528977353e+02
2.849399772112529945e+02,1.627660029915504625e+00,4.611141262672333028e+02
2.876797341450973704e+02,1.629754535536535931e+00,4.616549919848616241e+02
2.898742481529969837e+02,1.636846027907438605e+00,4.621308294177337643e+02
2.929635664746211319e+02,1.643642331880723395e+00,4.615440777908792711e+02
2.929322096049172615e+02,1.643880802117319906e+00,4.620053119612239811e+02
2.970843453001990611e+02,1.655020862316880281e+00,4.613806253303327480e+02
2.999235811143856267e+02,1.658614196564632826e+00,4.616909427236590773e+02
3.014488011530502263e+02,1.661490884690146386e+00,4.617616648539678863e+02
3.033124133098415314e+02,1.665038658119863069e+00,4.613116465075652854e+02
3.060945765851363376e+02,1.672110549525080758e+00,4.614762487584903852e+02
3.059959306225534306e+02,1.671885926640252373e+00,4.609888997927612309e+02
3.013293320582081378e+02,1.663463984442793198e+00,4.616437145019451123e+02
3.070353756424169092e+02,1.675568545413802068e+00,4.603197758402683917e+02
3.153753158202547411e+02,1.695737688491032014e+00,4.606580556001308651e+02
3.166151240220643217e+02,1.695297395636981896e+00,4.621174716320325615e+02
3.159523213903179339e+02,1.692887945103883185e+00,4.614089694962821682e+02
3.193675466523247906e+02,1.703048979809014263e+00,4.609745555157744548e+02
3.217113668398635014e+02,1.707805505282828040e+00,4.615224334418334706e+02
3.195122556570086658e+02,1.701454315828027308e+00,4.604673763484698270e+02
3.200523791099174105e+02,1.705787493933390575e+00,4.611638698108387757e+02
3.251377747684207407e+02,1.713112801790577011e+00,4.617689661558317766e+02
3.299510450697952137e+02,1.721947316103465075e+00,4.622023585123386056e+02
3.360638022799179794e+02,1.737387790929285858e+00,4.614322158184015166e+02
3.359913800811317515e+02,1.736284096112494790e+00,4.617140886823945607e+02
3.429701057782407361e+02,1.754619075200588352e+00,4.597119071820489467e+02
3.415765285851958879e+02,1.747564390140236457e+00,4.624861166516038793e+02
3.449412176505239813e+02,1.755321421200197962e+00,4.614319938841805424e+02
3.496651743621555966e+02,1.765954726164750133e+00,4.612439654730970915e+02
3.510145038109212692e+02,1.767709105639844624e+00,4.611400433583725658e+02
3.533759689593047710e+02,1.773548942555020824e+00,4.623136503636383736e+02
3.523953610662531446e+02,1.768384615771312784e+00,4.622886287822043982e+02
3.566263306173593719e+02,1.781514505840901430e+00,4.610736296980108477e+02
3.546475439265214504e+02,1.774485995777671077e+00,4.614432432026996480e+02
3.591042217385182198e+02,1.784062226065433077e+00,4.613330211393019908e+02
3.611271711166319847e+02,1.787627098118233171e+00,4.610942757371060452e+02
3.656236817439766469e+02,1.798032386169087005e+00,4.614227736482291675e+02
3.663653673929744059e+02,1.798247441882655062e+00,4.618565606058571689e+02
3.672893019027213768e+02,1.801589178423577131e+00,4.613961486769768499e+02
3.723939111931612160e+02,1.809252976061153317e+00,4.614822760761846894e+02
3.692907286228069665e+02,1.804490112721680584e+00,4.615533575849265731e+02
3.763085016526832192e+02,1.818755649933614826e+00,4.614431759177481922e+02
3.777035731675287593e+02,1.821099683135136038e+00,4.613134789978619210e+02
3.789835082436849234e+02,1.822700724548360629e+00,4.622962215718628158e+02
3.808857915649054462e+02,1.825220963424186715e+00,4.616064396725338383e+02
3.858000938665778108e+02,1.838704339089575646e+00,4.607813022774919318e+02
3.874667471994656580e+02,1.838707756656691839e+00,4.613427326547072767e+02
3.937496064854968267e+02,1.851146610095603107e+00,4.622384324808742804e+02
3.942495171743319133e+02,1.853306630125639121e+00,4.609270163350044527e+02
3.974047075093405397e+02,1.856024797464697063e+00,4.625322817346731199e+02
4.004644153356017000e+02,1.864178006991692449e+00,4.614661260176445126e+02
4.063543200202975072e+02,1.875525165855761678e+00,4.620349660354795560e+02
4.047933803936431900e+02,1.871512588192161930e+00,4.620884721956214776e+02
4.065663795491971086e+02,1.875632685513032749e+00,4.622693650033046424e+02
4.116629840510692020e+02,1.885986903438676032e+00,4.617638682459611346e+02
4.122086496493857908e+02,1.884621698102207477e+00,4.622496828741852255e+02
4.168681983224114447e+02,1.896453518972191832e+00,4.618842431495424989e+02
4.201181643982113769e+02,1.900360960276615163e+00,4.625261764192255214e+02
4.210904448523332917e+02,1.903116432550860271e+00,4.622472248696905694e+02
4.264642474766355349e+02,1.912902737448188617e+00,4.622934399459045380e+02
4.230536267083819553e+02,1.904805187565958180e+00,4.627429372241864485e+02
4.291829377268670669e+02,1.916853772365970654e+00,4.623388050935089950e+02
4.280950398235423791e+02,1.919792685988806369e+00,4.615885617687391118e+02
4.305806287184831262e+02,1.918783755316990636e+00,4.625415739656017422e+02
4.305855377175586796e+02,1.919240819347872273e+00,4.616677284880142906e+02
4.376512556757756442e+02,1.932126732768826738e+00,4.622819225022512342e+02
4.379591275300862208e+02,1.932792764004689134e+00,4.622671322393368882e+02
4.441577821999657090e+02,1.946095098513570765e+00,4.613241369995010928e+02
4.479009771664673849e+02,1.949916570782840974e+00,4.621204254976981360e+02
4.474806258325932049e+02,1.951343960745965500e+00,4.616147498290811768e+02
4.457564583994638951e+02,1.949225204439934744e+00,4.617329291083921134e+02
4.486272132438990070e+02,1.953838629619163214e+00,4.616828794376691008e+02
4.543410927827365526e+02,1.963483245437721125e+00,4.622248184083147748e+02
4.539747252807256928e+02,1.963706401112657263e+00,4.624726666967625874e+02
4.561980752861607016e+02,1.967282760657031560e+00,4.619152287349374433e+02
4.623852066385148305e+02,1.977190568136352633e+00,4.621891117232047463e+02
4.708689922915020247e+02,1.996417415908116055e+00,4.608255971465987386e+02
4.655510882161221957e+02,1.983914507233339952e+00,4.622737863658590527e+02
4.703194063747444602e+02,1.992522391605992871e+00,4.624143863715564180e+02
4.743020295920411513e+02,2.001657695342276444e+00,4.616714233344504237e+02
4.702658906536204313e+02,1.991150625614370284e+00,4.618831201226473127e+02
4.796910209035111734e+02,2.008303448119544754e+00,4.618766866367836315e+02
4.806712054071148259e+02,2.012369174260177029e+00,4.617948271426172937e+02
4.784513288455688667e+02,2.005742703530971394e+00,4.624104576873768337e+02
4.841588506360955080e+02,2.016985888188978837e+00,4.631633875629464683e+02
4.876004896643281654e+02,2.021031889182554497e+00,4.628471465690484479e+02
4.835074665448566407e+02,2.015325482075032593e+00,4.618492513789550458e+02
4.895369278613599704e+02,2.024026718857160123e+00,4.626704519613813886e+02
4.842501672150073091e+02,2.016414308481105255e+00,4.619897699457755493e+02
4.879987141085096596e+02,2.023533506786540315e+00,4.619420115408458400e+02
4.953782999740729451e+02,2.038693570094596730e+00,4.619404292116981310e+02
4.947237366962153260e+02,2.035897145793383434e+00,4.615843172898712510e+02
4.944186632004672788e+02,2.034342448523992708e+00,4.618807533904458182e+02
4.971318083615826140e+02,2.039382831184014755e+00,4.626221677049367713e+02
5.026848372742749689e+02,2.049524600590260981e+00,4.622143818580881884e+02
4.987462095068418648e+02,2.042224852669421775e+00,4.625831571032377383e+02
5.030962298132274100e+02,2.048331268260267013e+00,4.622633444194646017e+02
5.003998876920603607e+02,2.044891959982779728e+00,4.625283156178608692e+02
4.911016689416026679e+02,2.029519884116810502e+00,4.623839470836499004e+02
4.933857361240963542e+02,2.033175658156246346e+00,4.615093453690744809e+02
5.056092107868818744e+02,2.053032487908444725e+00,4.616895624824448987e+02
5.074877701396501379e+02,2.060034130856997159e+00,4.623423842908924826e+02
5.107003795659164780e+02,2.062818165659917380e+00,4.623581809965599518e+02
5.148219074089814740e+02,2.070362943787567911e+00,4.622019249520000699e+02
5.136694255149935771e+02,2.068322668145559984e+00,4.618787400301466164e+02
5.145287862075674639e+02,2.070110746322039841e+00,4.614626036544463545e+02
5.085491104922797376e+02,2.059520481967315408e+00,4.620885302662982212e+02
5.094890098948504260e+02,2.061795587552602171e+00,4.624417960097819673e+02
5.178688836713283763e+02,2.075775127494676742e+00,4.618543512732020417e+02
5.190753563289514432e+02,2.077579222160802708e+00,4.624888163873528129e+02
5.318289488193414627e+02,2.100936265777023859e+00,4.624362922724414489e+02
5.283217884872734658e+02,2.092898934577009040e+00,4.622646800164732213e+02
5.308236995883578402e+02,2.098808656333670530e+00,4.621999785171495887e+02
5.267766224402092803e+02,2.091632625776701282e+00,4.617827568283593678e+02
5.238047788382017416e+02,2.085533355814935597e+00,4.625940125672390764e+02
5.255377825172474786e+02,2.090590165870878092e+00,4.618142111898413305e+02
5.345408878533751249e+02,2.104545419731555622e+00,4.625846424432962181e+02
5.383722600725716347e+02,2.109341324274769836e+00,4.628978945548025763e+02
5.388101852762101771e+02,2.112358971176488520e+00,4.623368073269357978e+02
5.346385792745376193e+02,2.103432484882045372e+00,4.630954166463731667e+02
5.409456066142884083e+02,2.115160937125024621e+00,4.620100081564016818e+02
5.427863258675303086e+02,2.117546919303628261e+00,4.628670801522653733e+02
5.413322537085093700e+02,2.114561565968501089e+00,4.628384510580328310e+02
5.425072152068530613e+02,2.118115886563987971e+00,4.616213233314792888e+02
5.408692792073280771e+02,2.112009620342369054e+00,4.631131456548051801e+02
5.422282040967205603e+02,2.116731731720304932e+00,4.624877146023217165e+02
5.459512022722423126e+02,2.122377792610081748e+00,4.626565139938275024e+02
5.419520781729897863e+02,2.115258031746048761e+00,4.639560999009551097e+02
5.506692440074968999e+02,2.131764424521294554e+00,4.626875733950020049e+02
5.517491974532235872e+02,2.132782094948812990e+00,4.629667051769905584e+02
5.561250578805288569e+02,2.137894940879097039e+00,4.636375931876335699e+02
5.623007945128298388e+02,2.151004883002222368e+00,4.670112591449781689e+02
5.591781881212172038e+02,2.146143380641679421e+00,4.691752921092486304e+02
5.617809262646891284e+02,2.150703892427226371e+00,4.685968479407864038e+02
5.604902956761233099e+02,2.151825811682948064e+00,4.673204254984683530e+02
5.612195333032963163e+02,2.148237904861735714e+00,4.668787402646413511e+02
5.564474192347205417e+02,2.139971866873542794e+00,4.631878003617969171e+02
5.523050241549613020e+02,2.134865852020095822e+00,4.625534898831750752e+02
5.577471812125476163e+02,2.144118217483934163e+00,4.620607360946314657e+02
5.620248483183014514e+02,2.151022929496970271e+00,4.623533464540022351e+02
5.655219751583661036e+02,2.155509826037833587e+00,4.624167928467994670e+02
5.635494864301755342e+02,2.152465195371489948e+00,4.629795335479441860e+02
5.644704374980005923e+02,2.151970517617286749e+00,4.630928017061755213e+02
5.626857825942912541e+02,2.151257029452791514e+00,4.626533685647873426e+02
5.639157409089779094e+02,2.152516300427628870e+00,4.627164724252376686e+02
5.715756275808944338e+02,2.163641438984755805e+00,4.626430089922735647e+02
5.695475052805589939e+02,2.161294554303944349e+00,4.623999644774647209e+02
5.708047402030807689e+02,2.164156206464760146e+00,4.626253901086626570e+02
5.670431953302795591e+02,2.157084117277702440e+00,4.627279719157602926e+02
5.670864100122086029e+02,2.156576557049879828e+00,4.632068793352729585e+02
5.693748668269988684e+02,2.161357924670928021e+00,4.633215329228113433e+02
5.661252906017857640e+02,2.157319804648523132e+00,4.626807932342823051e+02
5.666242564360471761e+02,2.157693964599948000e+00,4.625923322750194870e+02
5.678418889098001046e+02,2.157806470593222503e+00,4.627937773035403097e+02
5.654822962285836638e+02,2.157016645557590095e+00,4.633328882531169484e+02
5.657942035360205182e+02,2.156702141987890009e+00,4.624897682196272513e+02
5.724658338186516175e+02,2.167441722809921423e+00,4.629863532505529520e+02
5.741646442044282139e+02,2.170050299814936690e+00,4.626607427061427416e+02
5.733335412120650290e+02,2.168688061476361284e+00,4.636078141364884004e+02
5.722034997826008293e+02,2.166811069862260464e+00,4.627429954800184078e+02
5.687761031726862484e+02,2.161764529005564928e+00,4.623317741813460202e+02
5.615674419669735471e+02,2.147446692560146086e+00,4.630868750917776424e+02
5.676547683489966403e+02,2.159111160616178360e+00,4.633186071402017774e+02
5.699092462562938408e+02,2.163422685015704783e+00,4.635131515861984894e+02
5.735349250433596353e+02,2.166892411846490951e+00,4.630319852748743301e+02
5.741619912403529042e+02,2.170004701674510095e+00,4.632554319713033237e+02
5.747355308383048396e+02,2.169269293555683653e+00,4.633955928049952604e+02
5.775367946153626235e+02,2.176965615637529883e+00,4.615458749379420169e+02
5.752835282136364867e+02,2.169996471267846339e+00,4.631819802019708163e+02
5.754279813082815735e+02,2.171265246502320334e+00,4.632440148425689017e+02
5.711880445308019034e+02,2.163097051712770114e+00,4.631331672516054709e+02
5.797646205962179238e+02,2.178474050227023451e+00,4.627784634490088820e+02
5.792301888479770469e+02,2.177111893181189028e+00,4.627843219559320005e+02
5.783046516825901335e+02,2.177445958738241316e+00,4.623903364619869762e+02
5.768276938854554601e+02,2.174368819146266230e+00,4.622400022797446582e+02
5.614484644720704409e+02,2.146541108117510088e+00,4.636901982717326405e+02
5.545016582655695174e+02,2.138881768675934936e+00,4.621469220682511718e+02
5.353075521230839513e+02,2.106671983137298199e+00,4.617798122053607699e+02
5.436656759529723786e+02,2.122322445321768392e+00,4.623398902922928642e+02
5.670690755110762211e+02,2.159879696814491545e+00,4.634647410581985127e+02
5.662898149210973315e+02,2.154984871297065396e+00,4.644460136878568619e+02
5.661025409896788005e+02,2.157444581902541625e+00,4.627831961724992311e+02
5.777493855100444762e+02,2.175437424518879670e+00,4.623880431464266394e+02
5.817338230044068723e+02,2.180967348343732848e+00,4.632142620529320993e+02
5.875520094845284120e+02,2.191732794761844794e+00,4.628747547284006600e+02
5.950886041769296071e+02,2.205487706278170812e+00,4.625010651689829615e+02
5.986127205461467611e+02,2.210252075475212408e+00,4.630042593122547601e+02
5.972516539138481448e+02,2.206556069354401739e+00,4.636647466369861945e+02
5.979302586871561971e+02,2.207437932562652083e+00,4.628100803445331621e+02
6.018170040919453641e+02,2.213334227535299625e+00,4.626889225058235979e+02
5.976899258269270376e+02,2.207226525855754407e+00,4.629299233503930395e+02
5.972527261508529364e+02,2.206785206021885770e+00,4.632682226723843542e+02
6.009963080510948430e+02,2.214058278962248050e+00,4.627282072423837462e+02
6.037583258602310252e+02,2.217876605139105006e+00,4.634585894805790076e+02
6.019839318175511380e+02,2.213115797505531113e+00,4.629701877791902689e+02
6.016697309214484903e+02,2.213610425746053156e+00,4.633628945678569266e+02
5.865469915305319546e+02,2.189117237081278589e+00,4.636135166465526822e+02
5.519905819299222003e+02,2.137413830729519404e+00,4.630612682743815185e+02
5.572641350255936459e+02,2.143832223856242170e+00,4.642930955982752721e+02
5.837686065565418403e+02,2.184576108919058957e+00,4.665023534713109257e+02
5.437168832832909402e+02,2.118343230073978845e+00,4.670632928820751886e+02
5.163742701857607926e+02,2.078037900990889142e+00,4.665722964888842057e+02
5.401043031171608391e+02,2.117180561082413259e+00,4.652487613604533863e+02
5.965276276982669970e+02,2.206170953736433571e+00,4.638480322659258377e+02
6.112090117353006917e+02,2.228370166117406903e+00,4.631077529821403687e+02
6.117449086752892526e+02,2.228780768810476154e+00,4.638280323896718755e+02
6.144588314506752340e+02,2.234738044813555202e+00,4.633329448715767853e+02
6.139230371061228198e+02,2.232898096714129199e+00,4.637888679799377201e+02
6.148280953540429437e+02,2.233212566407886790e+00,4.641774479549678176e+02
6.152429076790682529e+02,2.233695544329701299e+00,4.633062759922066789e+02
6.229661487244029558e+02,2.246865819795059505e+00,4.631888784592125035e+02
6.233050328128713318e+02,2.245901463329249115e+00,4.642012975397693140e+02
6.256544951019378686e+02,2.252477923962901585e+00,4.636725135747066133e+02
6.261735403661008377e+02,2.251455487018656942e+00,4.636822882511433477e+02
6.291337237386213701e+02,2.257565169808270600e+00,4.637432070313831787e+02
6.226472421147204841e+02,2.246149436190741699e+00,4.634293945688715439e+02
6.262932865953646342e+02,2.252087867823393541e+00,4.632204701171469310e+02
6.278024049297038118e+02,2.255428017990424916e+00,4.632184705796466346e+02
6.218687530322437169e+02,2.242754769004512649e+00,4.643249607393274800e+02
6.310244566104000796e+02,2.258677823509877225e+00,4.637154937017504039e+02
6.265681642952214361e+02,2.252122134091452121e+00,4.631067632162917675e+02
6.302860411729167254e+02,2.258418373304670990e+00,4.634873767192146374e+02
6.311948021532220992e+02,2.261054118033266391e+00,4.626047171740981980e+02
6.295026434387605150e+02,2.256556438443789503e+00,4.630469666356429457e+02
6.361684411953551717e+02,2.267499836332844243e+00,4.633332392234133295e+02
6.298740181597117953e+02,2.257838672946903991e+00,4.638723246389669157e+02
6.325748347454175473e+02,2.261781839615546019e+00,4.634797014826399959e+02
6.397803678150527276e+02,2.274071519591608581e+00,4.627973216845962838e+02
6.400817767836290386e+02,2.272018719450883850e+00,4.641187537894015236e+02
6.436299800549830934e+02,2.278488913860697629e+00,4.629562781805743157e+02
6.445430495903233350e+02,2.281034513640788575e+00,4.628064204885937443e+02
6.420300965390185866e+02,2.274281582433046012e+00,4.632542127359031952e+02
6.408966452696703300e+02,2.275503060292737079e+00,4.624291340092758560e+02
6.470365545357975634e+02,2.282746658026957309e+00,4.629986853303689713e+02
6.481672447682499296e+02,2.286553955664010207e+00,4.637008264637863704e+02
6.560170774079724652e+02,2.297812171595662090e+00,4.623509101808081709e+02
6.548579184626686356e+02,2.295629005044114823e+00,4.630735954410225759e+02
6.590037156703444907e+02,2.303399176714206131e+00,4.632458143295985451e+02
6.541445229185266044e+02,2.293933028847071842e+00,4.637335695356979954e+02
6.585733003936218211e+02,2.302293099746970828e+00,4.630898502751688284e+02
6.607813312103652379e+02,2.305222086005388693e+00,4.622946963240823379e+02
6.620634617926425562e+02,2.305980665080727299e+00,4.635593987685651882e+02
6.627193397168133515e+02,2.305830280450123393e+00,4.640622140145077879e+02
6.623655442778438101e+02,2.306541238816170569e+00,4.626281473255813808e+02
6.679077001347231999e+02,2.315186935407027580e+00,4.630565874109619813e+02
6.681012002093094679e+02,2.314362816732669081e+00,4.636253364196377902e+02
6.698597472042355321e+02,2.319559440855763377e+00,4.621320570998116750e+02
6.678536273392110161e+02,2.315170815079039546e+00,4.636280159634851543e+02
6.686034530189746192e+02,2.316978109594702850e+00,4.627756324235118086e+02
6.692439455914766313e+02,2.316706321496636800e+00,4.629079835921010044e+02
6.730731848567332918e+02,2.321094901952934997e+00,4.635352115699090518e+02
6.692261316369680344e+02,2.317542174515975884e+00,4.629840533885411560e+02
6.779031719963472824e+02,2.330900091045180034e+00,4.630336799452584842e+02
6.779918758886054775e+02,2.331665770589375075e+00,4.628782712884218995e+02
6.773655473198447226e+02,2.328535455284361344e+00,4.633348659469702966e+02
6.795737122102402736e+02,2.333227117046773991e+00,4.631519792494933654e+02
6.742219431006350305e+02,2.324441342216651663e+00,4.635532645712444264e+02
6.712173669698597678e+02,2.318474911914908621e+00,4.629792598663530612e+02
6.690914322974488186e+02,2.317218431951269419e+00,4.631319956276147991e+02
6.579962819258317950e+02,2.299750909371653051e+00,4.631549267950211970e+02
6.556458633842638619e+02,2.296545237850575294e+00,4.633748493124154493e+02
6.602825678986299636e+02,2.303568774856258550e+00,4.634074235680842548e+02
6.621167875375966787e+02,2.305731713265470884e+00,4.630230607730302381e+02
6.640008103878727752e+02,2.308369950415240623e+00,4.627267105857159208e+02
6.656902960468877382e+02,2.311178967529963213e+00,4.626564819491969729e+02
6.640535021490832150e+02,2.308030564616715186e+00,4.635084436013757454e+02
6.595075499537880432e+02,2.302384085083482024e+00,4.629901296842278953e+02
6.579446850354660228e+02,2.300906419432990901e+00,4.625802955511496748e+02
6.704075360186924399e+02,2.318885480388639397e+00,4.632923982773085640e+02
6.744476747759225645e+02,2.323515803172147454e+00,4.635700122499834492e+02
6.779408931398363620e+02,2.328742961757884533e+00,4.639413161428227568e+02
6.787063796642328271e+02,2.330939320346195665e+00,4.638606965582860653e+02
6.791374628357693837e+02,2.333763236233370453e+00,4.629003290313286811e+02
6.788230941571904395e+02,2.331343328803351156e+00,4.633104878768599519e+02
6.777223133502284327e+02,2.331240347086338538e+00,4.632809612142261244e+02
6.818663206952617202e+02,2.336174114686847769e+00,4.633142768298225178e+02
6.827524565110961703e+02,2.336725734882651118e+00,4.631210266310760062e+02
6.850719341614601490e+02,2.341596162089040423e+00,4.627234684046197799e+02
6.797283784950121799e+02,2.331101118895532842e+00,4.630793147554654183e+02
6.767076971160905714e+02,2.326011313269334746e+00,4.640427494383731073e+02
6.698237220372980119e+02,2.315258713943220137e+00,4.636769913536475087e+02
6.529935210592608428e+02,2.289068495619795751e+00,4.633002241857770400e+02
6.250968388913265699e+02,2.245826623933467214e+00,4.638526105130965789e+02
5.847225128031685699e+02,2.185399328061904178e+00,4.634875435751860664e+02
5.876254046912730473e+02,2.190735157674111644e+00,4.636081493813130123e+02
6.475964083491900283e+02,2.283978836272509305e+00,4.643614770277925459e+02
6.641474961405839395e+02,2.307806388347031223e+00,4.649875888182215249e+02
6.660634778887231278e+02,2.312693777465277378e+00,4.636187317575815996e+02
6.700756326646279604e+02,2.318479439852156432e+00,4.633169826278996766e+02
6.651387076537436087e+02,2.310864016053080672e+00,4.634017701938115010e+02
6.678595946129722734e+02,2.315761335202199511e+00,4.635108476548614362e+02
6.703871556413829467e+02,2.318544726642324694e+00,4.634278391323471737e+02
6.765605105946771118e+02,2.328663968281996066e+00,4.631588386089090363e+02
6.818247741832923339e+02,2.335489120509784300e+00,4.639836268956866547e+02
6.818465235802406141e+02,2.336643721581673994e+00,4.631786704278082425e+02
6.785335831909300168e+02,2.328827746900081763e+00,4.639464455110397125e+02
6.785457747352472779e+02,2.330701714774929378e+00,4.628034019851531866e+02
6.791019392423024783e+02,2.330961707363543134e+00,4.640913289943352424e+02
6.754773423843885212e+02,2.326565192866007159e+00,4.639417559105907003e+02
6.738017914645894280e+02,2.325116043668662424e+00,4.631368396025256970e+02
6.713340770060580098e+02,2.319017007242899275e+00,4.649094058122613546e+02
6.755858416234904098e+02,2.326001957706651080e+00,4.627984449392099009e+02
6.762842364480275137e+02,2.326963318487988541e+00,4.630141150621545876e+02
6.686100875276903253e+02,2.315414448350920917e+00,4.637452423935577031e+02
6.688566029512396653e+02,2.317951025981781932e+00,4.629729067888419536e+02
6.848661653136306313e+02,2.341343757167009709e+00,4.629035724938174212e+02
6.819824906127280428e+02,2.336122388299016972e+00,4.630602092459798200e+02
6.832201733112959801e+02,2.339827771562712933e+00,4.629531309133060404e+02
6.828981540142854101e+02,2.338338123221036735e+00,4.621979629299809176e+02
6.827854363421027983e+02,2.337884150475990186e+00,4.626236725760439299e+02
6.771237288494572795e+02,2.327816553062983740e+00,4.643058227573646377e+02
6.777770031817782410e+02,2.329340099689736210e+00,4.638133069429676993e+02
6.797616659627213949e+02,2.332063529998004370e+00,4.634782043614765712e+02
6.780083622645032619e+02,2.329833694436423297e+00,4.636363554041488442e+02
6.726248777526167260e+02,2.323765827617671587e+00,4.630409067624967179e+02
6.752058328089877932e+02,2.328017964995694022e+00,4.622585426655490437e+02
6.732725935453207740e+02,2.324337802566537547e+00,4.625726368132449124e+02
6.663897078251768562e+02,2.312124946140715398e+00,4.628056064303783614e+02
6.584035017555529521e+02,2.299730269613000200e+00,4.637258031780487499e+02
6.623658525483857602e+02,2.306756842789746909e+00,4.632813133094130080e+02
6.567074127016580860e+02,2.297873675113875525e+00,4.637533377735164777e+02
6.640131283867463026e+02,2.309996732714073797e+00,4.636287830229086353e+02
6.580998599667772169e+02,2.300970923525852196e+00,4.629737504830700345e+02
6.644494718157069428e+02,2.309462378482019851e+00,4.633780742455828090e+02
6.618084828169475031e+02,2.306791217237053715e+00,4.631314034221522320e+02
6.609354221807901695e+02,2.304680068022740613e+00,4.632983922088265558e+02
6.622569358161667878e+02,2.306704502225350506e+00,4.632177517764604318e+02
6.612254557569917779e+02,2.305043350652728584e+00,4.639114865462235571e+02
6.614147064064436563e+02,2.306980973990666595e+00,4.628152930835966572e+02
6.683210922322521128e+02,2.317316893394049782e+00,4.625132946565460088e+02
6.600170009936915676e+02,2.302399643209845248e+00,4.640153985806954893e+02
6.598670994131520047e+02,2.303749339258684081e+00,4.633997825426058625e+02
6.544325532968090329e+02,2.296179671661703114e+00,4.629018425109140935e+02
6.473301916254559956e+02,2.285799467613873315e+00,4.624604644162553200e+02
6.485451288304350328e+02,2.285442737042092443e+00,4.636424332033092242e+02
6.429635063454153396e+02,2.277746087659159535e+00,4.636706109480921896e+02
6.407733217120807012e+02,2.274749494766736380e+00,4.638951759293744317e+02
6.431445166142103744e+02,2.276614519422473837e+00,4.639572712407532435e+02
6.498940015775907568e+02,2.287853413259246516e+00,4.635474313883034938e+02
6.441494967823019806e+02,2.278905339670076025e+00,4.645080765195819481e+02
6.292241232566615281e+02,2.252625478706519413e+00,4.646363867130092444e+02
5.976117030734690161e+02,2.206017618778937095e+00,4.651176355954443125e+02
5.704638253695644607e+02,2.164511029693684918e+00,4.638819842959251787e+02
5.976978521555059842e+02,2.208474235569388266e+00,4.640219954425393780e+02
6.353879822727739111e+02,2.265712658506639610e+00,4.636201946514270844e+02
6.396185858038660399e+02,2.271491415066572817e+00,4.639459745866663525e+02
6.458043033890303377e+02,2.281820841464806904e+00,4.634576165915266870e+02
6.449457923346203643e+02,2.282529915630447714e+00,4.631609529544083443e+02
6.447456017032893669e+02,2.279887197491928585e+00,4.637009506326452879e+02
6.425600807983812501e+02,2.276611918899359654e+00,4.638229714734227400e+02
6.394171218311348639e+02,2.269213449808817451e+00,4.640419247246171608e+02
6.428090789090257431e+02,2.278550587405397732e+00,4.631675296806180313e+02
6.335198576522113854e+02,2.262640752680855183e+00,4.634002801473891395e+02
6.255184890102029840e+02,2.250954953980466300e+00,4.633476882422027074e+02
6.362056150576656819e+02,2.266498829529584036e+00,4.631260454648784730e+02
6.373075807196265714e+02,2.270101395857917925e+00,4.628968102358492160e+02
6.364872480664612340e+02,2.266989479474360802e+00,4.643341939106538803e+02
6.375834103066515581e+02,2.270196171139581942e+00,4.636176719103169717e+02
6.382602066634487983e+02,2.271073942173898796e+00,4.629114257222124138e+02
6.340415114292219414e+02,2.262117553952523785e+00,4.631138891236057020e+02
6.302681965309870975e+02,2.257115507418025135e+00,4.639318101979694688e+02
6.296603595523596368e+02,2.255753928972993982e+00,4.635015143024400572e+02
6.325494873934393354e+02,2.262991405821953794e+00,4.622879964190925648e+02
6.229079768721205710e+02,2.246269761907487172e+00,4.635069479844557918e+02
6.236964940669057569e+02,2.246346334302673498e+00,4.637312644517614899e+02
6.120697888173957608e+02,2.229527613388675000e+00,4.633567152554809354e+02
5.804758851062510985e+02,2.179608742839023172e+00,4.641577934804219581e+02
5.962648708157852298e+02,2.206136602652016609e+00,4.633736063824886173e+02
6.273541662572363293e+02,2.253502711227171940e+00,4.623121524427905911e+02
6.229677835357045979e+02,2.244635606981878695e+00,4.636129345707882976e+02
6.227530937716097696e+02,2.248005476437666239e+00,4.630133697156691710e+02
6.203620950984111460e+02,2.243147625977928605e+00,4.643075748924176764e+02
6.228499849508049238e+02,2.246479046311206318e+00,4.634153940446294087e+02
6.292356608528242532e+02,2.257000716970587018e+00,4.630139911719557517e+02
6.321216013638671711e+02,2.262404111250639005e+00,4.631712696664750979e+02
6.297017531436179070e+02,2.257952041640101548e+00,4.637178668957288323e+02
6.238098761020056600e+02,2.247391901978307960e+00,4.635474323002781034e+02
6.215523291680541433e+02,2.243183728758181505e+00,4.634837963480538860e+02
6.212180689799170068e+02,2.243916412716888242e+00,4.636529361380518708e+02
6.211295261254322213e+02,2.245076949802396360e+00,4.628147327484080620e+02
6.163915030805227389e+02,2.237083470133891527e+00,4.633103266934001567e+02
6.171532545322128271e+02,2.237612810966538301e+00,4.627693621403292923e+02
6.167993937514163463e+02,2.235678064724913039e+00,4.632445743146682275e+02
6.139594184889041344e+02,2.233406751578884908e+00,4.629946802715570016e+02
6.137260647328238292e+02,2.232612765100826291e+00,4.633546519161556034e+02
6.122349773374909319e+02,2.228376236475092753e+00,4.642100754839672163e+02
6.123880299471695707e+02,2.228547305319891425e+00,4.636348966877369548e+02
6.140005138136277765e+02,2.232343218136733309e+00,4.638246209116705359e+02
6.136467863020775440e+02,2.231579053020025238e+00,4.632295475966069489e+02
6.074781864084503695e+02,2.221960281818227134e+00,4.638512546484476502e+02
6.037263734745907868e+02,2.217355515617919437e+00,4.631762957943449805e+02
6.049413318395079386e+02,2.220477829955704419e+00,4.620818827113571388e+02
6.108508654842975147e+02,2.228462341590057072e+00,4.624814395924912560e+02
6.085302736723897397e+02,2.224756437692022804e+00,4.631387141344234237e+02
6.006328709828098908e+02,2.209910848426191343e+00,4.633526037672380653e+02
6.025303324410422192e+02,2.213871199790000244e+00,4.638532423865166265e+02
6.049419048490464093e+02,2.221082452245771499e+00,4.632898548515482844e+02
6.032410087149095261e+02,2.216294387057634818e+00,4.631753002390254323e+02
6.053518468092745479e+02,2.218394932850189072e+00,4.634186960403779381e+02
5.939292500376546968e+02,2.198954432586209595e+00,4.637606503493887544e+02
5.891844432715625999e+02,2.191873915179875176e+00,4.638386333783465716e+02
5.875031482883991885e+02,2.189975498152743949e+00,4.630117008541984660e+02
5.930172048384650907e+02,2.200232491287804404e+00,4.624832779931695086e+02
5.912856475101319802e+02,2.194276549605666204e+00,4.635452404012488614e+02
5.777986110316099939e+02,2.169924813227599891e+00,4.640862914967723327e+02
5.487690416738458907e+02,2.120068799801772208e+00,4.637594197044780913e+02
4.815482019232084099e+02,2.010482321335599121e+00,4.633841562865252399e+02
4.351039575272404250e+02,1.931759496282500432e+00,4.634624730099130829e+02
4.814545527611886655e+02,2.013968004701685910e+00,4.629051839725776176e+02
5.251763675723573215e+02,2.084536324144048880e+00,4.634313901120183914e+02
5.146354198239442894e+02,2.067568437656614577e+00,4.639433289138636383e+02
5.016349997101825693e+02,2.045421173379222246e+00,4.633675733084000967e+02
5.078569805951567560e+02,2.057081760510851343e+00,4.637693722587894740e+02
5.210859348511681901e+02,2.078956787474974366e+00,4.625895413592585328e+02
5.388678667179376589e+02,2.110249523865091792e+00,4.633702213445540679e+02
5.509266307401233007e+02,2.131583924153418241e+00,4.629382055861299818e+02
5.516965744764783039e+02,2.131074300568632562e+00,4.630905026434804199e+02
5.510779036714903896e+02,2.130824120195028648e+00,4.629508941695394810e+02
5.640335170263874716e+02,2.151114405144589625e+00,4.624659164547466048e+02
5.689395792458931282e+02,2.160536624627330760e+00,4.632255247386126484e+02
5.675918089078517141e+02,2.157462413009044955e+00,4.632366618777118106e+02
5.646830466731154274e+02,2.150656526616391506e+00,4.635976756635768083e+02
5.654215970038349042e+02,2.152821408979642470e+00,4.639293475083840690e+02
5.586163778934061384e+02,2.143007531420183742e+00,4.627966649026424193e+02
5.628512458175198390e+02,2.149812617540604709e+00,4.623966928406013608e+02
5.689753793257267489e+02,2.161376968696013812e+00,4.627930911592563348e+02
5.738389015373920756e+02,2.166746592969297058e+00,4.636123739643070394e+02
5.779786422409680426e+02,2.171098735437664740e+00,4.639362554975299417e+02
5.743208572800259617e+02,2.166171647300727976e+00,4.636826682720712256e+02
5.678157632548076208e+02,2.155548995052552375e+00,4.634169214726916266e+02
5.703113027627063047e+02,2.161894300210521092e+00,4.624990833584015490e+02
5.658114908268751151e+02,2.154565514483265165e+00,4.623074624463739610e+02
5.664633937311559748e+02,2.153570480548137045e+00,4.624093542297774775e+02
5.676755130357219059e+02,2.158565883679551600e+00,4.622936716145124478e+02
5.702652838592497346e+02,2.160677999208620470e+00,4.636387789687350391e+02
5.642757898426226575e+02,2.151642503166175224e+00,4.616453487774425639e+02
5.625026102112788067e+02,2.148256053780480457e+00,4.633639760301355750e+02
5.533485281608767536e+02,2.132306573246309345e+00,4.631527825574146959e+02
5.568270917803242810e+02,2.138893630636029553e+00,4.626768838202780216e+02
5.634921687738793707e+02,2.148320578721061747e+00,4.627722949865313922e+02
5.651757161234282876e+02,2.153500676026247174e+00,4.627067078802235187e+02
5.675402543532626396e+02,2.155828868105246876e+00,4.627678460559330347e+02
5.593617957710188193e+02,2.142450255791879421e+00,4.627908702942408468e+02
5.542162808084801782e+02,2.134319775814484288e+00,4.628007505748194035e+02
5.544181122227292917e+02,2.134868707576920155e+00,4.619523520703255031e+02
5.552425609365029686e+02,2.134874494761488162e+00,4.626879036000742644e+02
5.442133067644300581e+02,2.117441762934482163e+00,4.625071314793347028e+02
5.151698126661574406e+02,2.070316592581395110e+00,4.623276345896047133e+02
5.299260117348670747e+02,2.093021146655194453e+00,4.631362780651803064e+02
5.451792256091372337e+02,2.117313854884520286e+00,4.629743620185601571e+02
5.504438649883312564e+02,2.128907181239687585e+00,4.620434170100895130e+02
5.578153885541172485e+02,2.139320113729184847e+00,4.635693499343896633e+02
5.618814705884268506e+02,2.144665543251691009e+00,4.628566988392800567e+02
5.604265807328525852e+02,2.146127961108349247e+00,4.619655408190217827e+02
5.497002160915561717e+02,2.124552884399593999e+00,4.626333896463351607e+02
5.492557052799612620e+02,2.123923799440601279e+00,4.630904446456215169e+02
5.510020472958498203e+02,2.127860712268248466e+00,4.632822558029346851e+02
5.540895405245254324e+02,2.133910319995480975e+00,4.626549101507569617e+02
5.521443381035430775e+02,2.131445465166566855e+00,4.622647716215832361e+02
5.564782645569389388e+02,2.136945808725588147e+00,4.621104241376621076e+02
5.548024200518952966e+02,2.134376218238524192e+00,4.623788295698070669e+02
5.494911582544153816e+02,2.123538660150305013e+00,4.622382556012404393e+02
5.389392064450379394e+02,2.107538527871410050e+00,4.627108567618789152e+02
5.426940026223074938e+02,2.113782199893019520e+00,4.629717062992766614e+02
5.463289088823293014e+02,2.119816835701255897e+00,4.624033876896718311e+02
5.499608571146395661e+02,2.126708008706019726e+00,4.608381284222861041e+02
5.456725702869150609e+02,2.116491798563764792e+00,4.629102680471034432e+02
5.324625114676711064e+02,2.094545436491494161e+00,4.623142766788919857e+02
5.259300125232289247e+02,2.085723160015495736e+00,4.619109501176483832e+02
5.188946207693136330e+02,2.072013391180685726e+00,4.625504816051279704e+02
5.091961973120969560e+02,2.056047958998586278e+00,4.618398964846591070e+02
5.086787480778810391e+02,2.056124138415326819e+00,4.627889140439784796e+02
5.145508404277218233e+02,2.065832400851073114e+00,4.620518760221136176e+02
5.190859300695390175e+02,2.071485645592198388e+00,4.625815923649899446e+02
5.122590940727744737e+02,2.061496731248300573e+00,4.622903227675873836e+02
5.041126761917648764e+02,2.046466303287346911e+00,4.620782080289035321e+02
5.018191935712816871e+02,2.043113309860154381e+00,4.622888508488516663e+02
5.191801381078510076e+02,2.074007150445043468e+00,4.620519486342593041e+02
5.315126630738437825e+02,2.093600001744812200e+00,4.622006795347139132e+02
5.290145833644110098e+02,2.088916072241528976e+00,4.624247088894620674e+02
5.036764479121856084e+02,2.043883468659563718e+00,4.626191503883409837e+02
5.114199140867838196e+02,2.060288019724803465e+00,4.625847315374739424e+02
5.227366172542086815e+02,2.077235834603966325e+00,4.635913454395953863e+02
5.089656969633041967e+02,2.056459162725284617e+00,4.633162098411481793e+02
5.022325972234511369e+02,2.044574996276753875e+00,4.644913340156646768e+02
4.972846829503693016e+02,2.035259012489134989e+00,4.631070886269637299e+02
5.105411568342369151e+02,2.056031231352151156e+00,4.627486718648670490e+02
5.177502497360563893e+02,2.070080400803758547e+00,4.630111128085384848e+02
5.190568152650482716e+02,2.070929566523330045e+00,4.624256944902290343e+02
5.086589603400130954e+02,2.055791734534898385e+00,4.626209388062996481e+02
4.988298068293315737e+02,2.036206420486791568e+00,4.629246582536564460e+02
4.869361765550848418e+02,2.017120025007968831e+00,4.639404425506825760e+02
4.726469145097537421e+02,1.993154909872690395e+00,4.639636058365115900e+02
4.930161585751902749e+02,2.027586401308127062e+00,4.613812802433020011e+02
5.146935010557021997e+02,2.064670412174479441e+00,4.610180626709230296e+02
5.009360835218232637e+02,2.039895963473245200e+00,4.620688770994986498e+02
4.914396022480886472e+02,2.025074118481646313e+00,4.625369866746389107e+02
4.812425967224735359e+02,2.007172552617191741e+00,4.618035124966575609e+02
4.916485403415277915e+02,2.025924619012134276e+00,4.627334660734175031e+02
4.964311702943737714e+02,2.034480404377754681e+00,4.625022396701139655e+02
5.024227625220001983e+02,2.043794779325213806e+00,4.639432774599527534e+02
5.075961130621405459e+02,2.049628014137151677e+00,4.628142431416695786e+02
5.054996108361338543e+02,2.047055833007934922e+00,4.627039925470901949e+02
4.852725583678948738e+02,2.012944444206775874e+00,4.630465319148800631e+02
4.807808811835949996e+02,2.006907125360370081e+00,4.620342995991661041e+02
4.892659132456624889e+02,2.020788495425816400e+00,4.623458909031044186e+02
4.941190453925697739e+02,2.026873973790825900e+00,4.630394394113685621e+02
4.943975744979434808e+02,2.028750314325603377e+00,4.623870362151493509e+02
4.929421357859855561e+02,2.023868439220671611e+00,4.625811100590264573e+02
4.824014059359706152e+02,2.006729842468365277e+00,4.625369010905970413e+02
4.723552961397596164e+02,1.987021297782181950e+00,4.632221492756142993e+02
4.662742232422936013e+02,1.979287523649254865e+00,4.623737786197452806e+02
4.692970958580077649e+02,1.987400774288260008e+00,4.614444151904746718e+02
4.711492772629239312e+02,1.986559630062514126e+00,4.616577068867399589e+02
4.825139050253218329e+02,2.007136244830951988e+00,4.617712888899028485e+02
4.916205094823844206e+02,2.021642090513884327e+00,4.621008158840062947e+02
4.950075384698556036e+02,2.028722802952743542e+00,4.627780307371636468e+02
4.875749809399746368e+02,2.015799493878839499e+00,4.621165356852198443e+02
4.702630713981959616e+02,1.985105947227880696e+00,4.624143898336254210e+02
4.524289839391897203e+02,1.952309693020301218e+00,4.619022454903036419e+02
4.530054456827583067e+02,1.953298110579442248e+00,4.620532903478293179e+02
4.607527814143504088e+02,1.967718679454715902e+00,4.618075873072499462e+02
4.724820582015929631e+02,1.986452293464914698e+00,4.615556147094330868e+02
4.724919714518082969e+02,1.988035487096265763e+00,4.615845725638126851e+02
4.735748529276783643e+02,1.992189643963575119e+00,4.612225907688609254e+02
4.681746974538980908e+02,1.980491162553443152e+00,4.616252821566565103e+02
4.686744336837309675e+02,1.980536658301767838e+00,4.612457113384993477e+02
4.596471040914296964e+02,1.966304827034748959e+00,4.611579993933530091e+02
4.458385252766734652e+02,1.939397796601420199e+00,4.618526775457642088e+02
4.476427456934259226e+02,1.942829395917373470e+00,4.619770583040308907e+02
4.607673547883650826e+02,1.967617397350304609e+00,4.612254492227625065e+02
4.664487530444101253e+02,1.974729381056466559e+00,4.620756481391925945e+02
4.566285337375167614e+02,1.957274931412979813e+00,4.619030881094325309e+02
4.459446615602392967e+02,1.937323617475815718e+00,4.619652231030029839e+02
4.405443753266774252e+02,1.929090291441209137e+00,4.622047122855108796e+02
4.267306871980405276e+02,1.905618033206654349e+00,4.613287191203808675e+02
4.307000873388151945e+02,1.914003448438729604e+00,4.613411884382281301e+02
4.468107381105394325e+02,1.943237142078487745e+00,4.605861879968554717e+02
4.503519109866510917e+02,1.945688532387563230e+00,4.616480221864145506e+02
4.368935081497293140e+02,1.922676089783871722e+00,4.607180346400559188e+02
4.266418548562302817e+02,1.905840271636983996e+00,4.601870782275965439e+02
4.127410497349437151e+02,1.877022683908006195e+00,4.620734997701691213e+02
4.259253177365923193e+02,1.902111128743479096e+00,4.619361923153556972e+02
4.387170811907790267e+02,1.927218063069968457e+00,4.615658175010892137e+02
4.434384470766292452e+02,1.933199135934361879e+00,4.616101163301801762e+02
4.402857878742477737e+02,1.928700690565943177e+00,4.611279878411667710e+02
4.282239628338180069e+02,1.904348672183217461e+00,4.613197043555668984e+02
4.044137452013864049e+02,1.860688971885240850e+00,4.615008821068034308e+02
4.028059158316162893e+02,1.860344789698827661e+00,4.614902730215268321e+02
4.230765298228833444e+02,1.895459352539934805e+00,4.610823944782988519e+02
4.280067378172527697e+02,1.903333095799956576e+00,4.621017659680974248e+02
4.044753615883103635e+02,1.861826615653068728e+00,4.609058895913323681e+02
3.829391010970573461e+02,1.821259561438332675e+00,4.615999171091310700e+02
3.922975404743673380e+02,1.840146543803042212e+00,4.608146122389252923e+02
4.025415274729031694e+02,1.856707522899456064e+00,4.617318313518380819e+02
4.112590575687642058e+02,1.871718691111576183e+00,4.605792628522717109e+02
4.011106326407776805e+02,1.850112608480681820e+00,4.606978481861445403e+02
3.672959488717879708e+02,1.776806841259821024e+00,4.608240971179923804e+02
2.666129175869519941e+02,1.556840149725115197e+00,4.604181040223040213e+02
1.504200416567652212e+02,1.262673424256331112e+00,4.603342002894436860e+02
1.037596260755294111e+02,1.137700573155575379e+00,4.604713679131953086e+02
1.120003707098562842e+02,1.179780132802938253e+00,4.605370530129271742e+02
1.639175729718838852e+02,1.319062249277468846e+00,4.607881712623810131e+02
2.252587454273622427e+02,1.466633391886682292e+00,4.611342667730520475e+02
2.168360016982156537e+02,1.451478417801737031e+00,4.598997342880709880e+02
1.816463937574874876e+02,1.362421826837240335e+00,4.597631248070476886e+02
1.843717844482567330e+02,1.376160693055781481e+00,4.604379292333498483e+02
2.029356064039718319e+02,1.419222874935421430e+00,4.602637894603743689e+02
2.239775764193402949e+02,1.470454116051133742e+00,4.607558414779496161e+02
2.350697821579746005e+02,1.499013184613932737e+00,4.598807986457168226e+02
2.462931542713046440e+02,1.524908630698312839e+00,4.599044840345320608e+02
2.543425731472680411e+02,1.545785185628611336e+00,4.597320842317715801e+02
2.548232957947247428e+02,1.543689165021165932e+00,4.604322588824248896e+02
2.624721444485930419e+02,1.570722875522239992e+00,4.602238258991176849e+02
2.962778745425314355e+02,1.642375752577703185e+00,4.601763127045048805e+02
3.156968469476785799e+02,1.682071644455793935e+00,4.601922124265141747e+02
3.092492683315787190e+02,1.666966195807355167e+00,4.602632486825905289e+02
2.933686215877891073e+02,1.633343084807703072e+00,4.605496137644902888e+02
2.836316124859500860e+02,1.614080822610490129e+00,4.608449411280407730e+02
2.764111449273820540e+02,1.596062865606976855e+00,4.597470638486541930e+02
2.747355358054367116e+02,1.596994359101218119e+00,4.614061695874008251e+02
3.000498217626483211e+02,1.650301495816893560e+00,4.607112635500892566e+02
3.090952801949724176e+02,1.667839645889402034e+00,4.614090606247723940e+02
3.054585392321265545e+02,1.662636080566439745e+00,4.612819724138145148e+02
2.900484102696714785e+02,1.626412316261940605e+00,4.616990916807911844e+02
2.717227733269213559e+02,1.585472343554800601e+00,4.607105208334588156e+02
2.619089223522234420e+02,1.566141354580347533e+00,4.604297568216161949e+02
2.646095762858025182e+02,1.574487372896693715e+00,4.606689350177169899e+02
2.746207642288163697e+02,1.595395929114397537e+00,4.612538641076268959e+02
2.817741993543837111e+02,1.608340790895151029e+00,4.604565647003829554e+02
2.801666208981290538e+02,1.604385929373934649e+00,4.608799190202529417e+02
2.847683069252389600e+02,1.617635441708965338e+00,4.606077409867640426e+02
2.761334357704898821e+02,1.600021087911490003e+00,4.604478003561305854e+02
2.680868387017288796e+02,1.580459221429860728e+00,4.603895554160569077e+02
2.699286322097372590e+02,1.584531407745002562e+00,4.598468169731903572e+02
2.682784961002547561e+02,1.582552376917203407e+00,4.601187757555663893e+02
2.630093520975424894e+02,1.569632266558619760e+00,4.608438082064602668e+02
2.588735215795113049e+02,1.558956136215502886e+00,4.614393996320961833e+02
2.463330169382616646e+02,1.530469061659827990e+00,4.608281023676861992e+02
2.285207251341545316e+02,1.492309424887557245e+00,4.599000620860368258e+02
2.206716692509339452e+02,1.469636973382343337e+00,4.616866279394851063e+02
2.197096801884291892e+02,1.473316766221748342e+00,4.598889229070703095e+02
2.120161971251489206e+02,1.447487007913680790e+00,4.611425172705328919e+02
2.105200939045212749e+02,1.454081815384639098e+00,4.601157663509550275e+02
2.034143156694195227e+02,1.430780567853586316e+00,4.603152259501106869e+02
2.001028711208527398e+02,1.420481020769968072e+00,4.599620947466215739e+02
1.962164593505860637e+02,1.408869846006756354e+00,4.607453585508803258e+02
2.014375972739221083e+02,1.432101405938581928e+00,4.590898275187069544e+02
2.034885184024788884e+02,1.433183307988565192e+00,4.595941317618946300e+02
2.059387803910991863e+02,1.439114367799282146e+00,4.605631289248458415e+02
2.105722328106836301e+02,1.447736435362370289e+00,4.605473137397491428e+02
2.002263991827144025e+02,1.419314223642147432e+00,4.604864330216545341e+02
1.774790306052462938e+02,1.362341012386953487e+00,4.608835284190560060e+02
1.745934903879808360e+02,1.352931688610644390e+00,4.604576620670578677e+02
1.718537920907689340e+02,1.345606815350848251e+00,4.601872528100266209e+02
1.703567970307496182e+02,1.348408854928136558e+00,4.598004426817557260e+02
1.788286700486432323e+02,1.366760939837946776e+00,4.597402998000851539e+02
1.830680033522478709e+02,1.372825451737140545e+00,4.604147097978935790e+02
1.850392435969821747e+02,1.379257887873294175e+00,4.599365841181177643e+02
1.822270002239762903e+02,1.374180221550812986e+00,4.598444376462832111e+02
1.801700121502964294e+02,1.358866462200290393e+00,4.604814838445866485e+02
1.786238907970355001e+02,1.357555831999007312e+00,4.591778159618069708e+02
1.756582721507386111e+02,1.347216320631946296e+00,4.601596103592561917e+02
1.621624981353381543e+02,1.312687461731419036e+00,4.597260408614027369e+02
1.450328971888993408e+02,1.265858036216558125e+00,4.602723212542206284e+02
1.468065387167666529e+02,1.273505470792685612e+00,4.600053708697390675e+02
1.486961757246598097e+02,1.280159390948129472e+00,4.591894374953283773e+02
1.482709876264019329e+02,1.276267191438369641e+00,4.592660645034750360e+02
1.553165050213131622e+02,1.295856180333129215e+00,4.591975926145267977e+02
1.550401351293306220e+02,1.288007174672271438e+00,4.598968231934281334e+02
1.448483123899753480e+02,1.264971955310315144e+00,4.593452381564443954e+02
1.329067926271121394e+02,1.228353306286938507e+00,4.589540801499198892e+02
1.284237091687212455e+02,1.219216821117366623e+00,4.588552269926189524e+02
1.353559397885474596e+02,1.241906417872033597e+00,4.589215681748385691e+02
1.395809650333963532e+02,1.240129469777923266e+00,4.598798609607399044e+02
1.427630793301160850e+02,1.254001335850356780e+00,4.591916960156806908e+02
1.358164011659052903e+02,1.232052573758892100e+00,4.594071452223781762e+02
1.208904001033370577e+02,1.188503450455410171e+00,4.595092118643075310e+02
1.154536751381586441e+02,1.178443841932603098e+00,4.586312908476342045e+02
1.184812709853972592e+02,1.181975842354390682e+00,4.596708833722627219e+02
1.222951496718871169e+02,1.193174783738247147e+00,4.589552939347483402e+02
1.219809190304508917e+02,1.184863554945760011e+00,4.594826594778822937e+02
1.232440011720148192e+02,1.187875343089313418e+00,4.590634077920819891e+02
1.215182828443583674e+02,1.185105794136244173e+00,4.587866681841534273e+02
1.091781202187321043e+02,1.144025784060144213e+00,4.590705791157880640e+02
1.020077943141255332e+02,1.131821903140675767e+00,4.582124377793239205e+02
1.024151692324079193e+02,1.127477499523432014e+00,4.593761579565604620e+02
1.057438688856915547e+02,1.134753031646633437e+00,4.594963458536919916e+02
1.067003969688258422e+02,1.138228266055662408e+00,4.587724298706592094e+02
1.091362440028472065e+02,1.142970807008606204e+00,4.590354085991863258e+02
1.009441540950145395e+02,1.114719202485040750e+00,4.587863096898056483e+02
9.121324071709118186e+01,1.087717429670834290e+00,4.586745778401465827e+02
8.738715055222907324e+01,1.077776689629666551e+00,4.585204472183556277e+02
8.425408289841431042e+01,1.062297136577061263e+00,4.586203227209088595e+02
8.304188861395964238e+01,1.061809220232479811e+00,4.584540282338655288e+02
8.298228645537020043e+01,1.061891156834843253e+00,4.583764783301892862e+02
8.304760011283387655e+01,1.061307491773251011e+00,4.587128143091895254e+02
8.354174133613972231e+01,1.057505768272407165e+00,4.589345562103063116e+02
9.100503664494407019e+01,1.076234745710634266e+00,4.588282376198748693e+02
8.922659207223799172e+01,1.066005403666132390e+00,4.586708300152162678e+02
8.212422767255202416e+01,1.061991751211745383e+00,4.577818810285138511e+02
7.610009340053248650e+01,1.037782262883131468e+00,4.578866223442915953e+02
7.205499993411049786e+01,1.019386311600385175e+00,4.582215832112580642e+02
6.856543473834888403e+01,1.002433930719866861e+00,4.585311817286561791e+02
7.250267042359912750e+01,1.018400352561576794e+00,4.580092212597666048e+02
7.943724576827740691e+01,1.038724363681837737e+00,4.583108126458255924e+02
7.895701711542871237e+01,1.028540103559498098e+00,4.586413373100730837e+02
7.783672804729140182e+01,1.029021209237349188e+00,4.583223024231978684e+02
6.892964470070786831e+01,9.981606692087710009e-01,4.582637331462654515e+02
6.116674379151889696e+01,9.780479495424674319e-01,4.581950793529583734e+02
5.901757433568901945e+01,9.718780090593103216e-01,4.580494233490422857e+02
5.598247478550610623e+01,9.575235946175950641e-01,4.582162836227878415e+02
5.436567862649776117e+01,9.459312558572139373e-01,4.589374655924518720e+02
5.391300109586235578e+01,9.483833897685908232e-01,4.586910127301902094e+02
5.594473113839019618e+01,9.515976925389325602e-01,4.579693845191972628e+02
5.280869057907737130e+01,9.369112633304742532e-01,4.584587205981215448e+02
5.359736332967331407e+01,9.415183648787247561e-01,4.582627598152046744e+02
5.469374565020616785e+01,9.441760746258516246e-01,4.585339342034429251e+02
5.445549410085034481e+01,9.445137054169615576e-01,4.581053635974816416e+02
