# Flux, Flux Uncertainty, Sky Flux
1.060459284074684968e-12,9.787942050697331397e-11,1.092743455751132189e-09
3.921637110254724693e-14,9.338327924051021190e-11,1.048749980565931370e-09
3.131607474711328485e-13,8.950792086039749534e-11,1.002504562684813871e-09
7.710122423342797214e-13,8.617036662375549926e-11,9.638395602827867443e-10
4.358991923625540446e-13,8.330049405744907658e-11,9.315321741929265542e-10
6.261286757294474069e-13,8.083863262796700996e-11,9.041480110627183810e-10
1.516043043596608406e-14,7.873361725770582873e-11,8.847639695723818035e-10
8.275067407133552604e-13,7.694120318270648833e-11,8.604020313068607807e-10
0.000000000000000000e+00,7.542276757430004561e-11,8.517913765290771073e-10
5.012176874813736428e-15,7.414424016546117736e-11,8.340639705289742638e-10
0.000000000000000000e+00,7.307521810849397866e-11,8.258100762825733060e-10
9.659176870168787270e-13,7.218823038748050298e-11,8.052829079811970298e-10
5.344580900471191263e-22,7.145812501595146858e-11,8.036143768187778764e-10
1.632210072442949555e-17,7.086155848600738001e-11,7.979521091404985567e-10
0.000000000000000000e+00,7.037657188409539323e-11,7.933924967667767624e-10
1.859291266928391299e-13,6.998224203406930966e-11,7.848529118294259067e-10
4.969415364833431841e-28,6.965839917693121395e-11,7.832630816549338529e-10
3.359772526437133897e-13,6.938540519713657471e-11,7.767911955849599102e-10
5.289893047392728056e-13,6.914398836120999362e-11,7.725232861854629231e-10
4.303250623096855242e-13,6.891513201464965355e-11,7.711848846131991419e-10
5.310657102378841037e-13,6.868001573111249392e-11,7.679147398383730542e-10
1.779602229849626591e-17,6.842000804779825632e-11,7.688584499607582336e-10
1.493215655946162929e-13,6.811671016478403970e-11,7.639346812361104080e-10
4.780509200489707216e-13,6.775204983897167041e-11,7.574649096370313295e-10
4.044813544166517482e-13,6.730842417017854886e-11,7.526443422046720752e-10
3.390311914563366610e-13,6.676888906744674738e-11,7.473981056298613920e-10
1.996178050525048779e-17,6.611739191887145070e-11,7.433960476433476691e-10
6.824649997491579443e-13,6.533904240524647746e-11,7.292638192019448099e-10
9.964196401928045961e-14,6.442041455498980301e-11,7.229956923561971086e-10
8.010034588602529435e-17,6.334987111825055072e-11,7.119757759945001773e-10
2.002222876081332089e-14,6.211789925184415562e-11,6.980431244815120914e-10
5.811019408170154866e-13,6.071744449012087168e-11,6.789106922422580889e-10
1.376853457521411499e-13,5.914422819013682124e-11,6.628414577148570494e-10
5.826822813918470371e-13,5.739703225952260775e-11,6.417948349905214864e-10
2.364548172435767984e-13,5.547793418652244424e-11,6.214524945352474445e-10
2.017736659705534541e-21,5.339247537184221303e-11,6.001260651703789626e-10
0.000000000000000000e+00,5.114974666677599822e-11,5.774212192082937659e-10
2.433516580904075592e-13,4.876237696661911059e-11,5.455586470753833234e-10
0.000000000000000000e+00,4.624641374820478662e-11,5.209449319223723986e-10
1.292820615314715021e-13,4.362108855484543364e-11,4.886115258350967324e-10
8.122182798430197628e-14,4.090846551059695297e-11,4.586049340322353996e-10
2.818404443717463503e-14,3.813297678124202638e-11,4.278268806859764031e-10
4.584349862270362965e-14,3.532097120568521779e-11,3.962087230588332087e-10
1.067682621946122689e-13,3.250570957178221753e-11,3.642620386458892386e-10
5.981896300838593369e-15,2.972679437950214909e-11,3.333614639792620051e-10
1.433844198086523632e-16,2.701929277411140492e-11,3.035314876602333052e-10
0.000000000000000000e+00,2.441258093340246098e-11,2.749700661495408203e-10
1.565144020896635321e-38,2.193026509286694694e-11,2.470672710962878439e-10
1.790729491557135207e-15,1.959031743988597320e-11,2.202615251069763399e-10
5.886845521623659366e-14,1.740538784519401560e-11,1.949900039600696582e-10
1.850868225517474166e-17,1.538325018201977700e-11,1.728840447244540184e-10
1.374088140674489363e-13,1.352734248895252937e-11,1.509112836695903204e-10
0.000000000000000000e+00,1.183736291950036533e-11,1.335514295681804475e-10
3.830624154623975204e-15,1.030988770044989183e-11,1.158788928270861831e-10
1.533175107499522939e-17,8.938982612015322888e-12,1.003620782198892159e-10
1.046855687761167591e-15,7.716785276090530986e-12,8.664582913637408367e-11
2.183936948919357286e-41,6.634041345508135275e-12,7.474065973454305728e-11
5.113199808601215878e-15,5.680583173636554147e-12,6.373642455010040889e-11
0.000000000000000000e+00,4.845744456533122211e-12,5.456290216165587321e-11
1.679607920167483721e-16,4.118708521043889453e-12,4.637002164485357475e-11
3.546787388293091241e-16,3.488791307550913843e-12,3.920355609390210731e-11
0.000000000000000000e+00,2.945662660310087103e-12,3.328435413594401228e-11
5.929460909066421525e-15,2.479514875450649240e-12,2.781879501733646457e-11
3.614116744926143133e-16,2.082021515578065593e-12,2.340574533426826658e-11
2.367798995447040890e-14,1.746704528223215690e-12,1.947220421838197044e-11
2.156509141216931313e-15,1.466607122198356334e-12,1.644780623335104241e-11
6.907919488116573518e-31,1.234568200728693442e-12,1.390212281850821562e-11
1.609181277968357188e-15,1.043692692035307408e-12,1.170827395501195964e-11
0.000000000000000000e+00,8.876427723848344941e-13,1.003148840954292543e-11
1.051459915928694179e-14,7.607921742397072959e-13,8.486916917126666518e-12
2.878481053724272281e-15,6.582831637974771246e-13,7.378276711409108373e-12
4.028882978254352934e-15,5.760198523954034951e-13,6.445760104823716110e-12
4.813220482730950438e-33,5.106245333918621080e-13,5.744803719823852741e-12
2.585314185543382136e-14,4.593771390758234663e-13,5.200412940581027386e-12
2.764456801521865768e-16,4.201524790121217717e-13,4.724478295634299365e-12
7.719182726142762581e-17,3.913660224198060751e-13,4.399662361376189518e-12
4.628789316762859722e-15,3.716624414621133421e-13,4.152379978995992923e-12
1.210517787809760434e-15,3.589268961766151472e-13,4.030479586583550698e-12
1.324633267255129483e-15,3.512255386661161597e-13,3.942025457925147287e-12
3.023344854474488722e-15,3.469882275058512279e-13,3.881199292678857509e-12
1.142139035155591635e-19,3.448360922115044832e-13,3.877723352679181939e-12
6.203584124167339257e-39,3.434754603418508170e-13,3.863650351908084944e-12
0.000000000000000000e+00,3.416444795522795042e-13,3.850049854036662041e-12
3.508976873526253652e-17,3.381072182691634745e-13,3.798398111448047366e-12
2.803196472668989504e-15,3.317042164718697228e-13,3.714388732763094451e-12
1.086623986674712016e-17,3.221278261353489795e-13,3.624451007144584468e-12
1.501157229502097253e-15,3.102965988243773363e-13,3.477331318016322140e-12
0.000000000000000000e+00,2.971860533978834837e-13,3.352807931706556791e-12
1.280871493074108633e-16,2.836722268639778133e-13,3.187407389778229237e-12
1.314456053058205407e-16,2.705077865796220834e-13,3.037165302705907900e-12
2.503535675409630265e-15,2.583200268787917419e-13,2.891208529474609808e-12
4.823081236477997215e-15,2.476176157349314107e-13,2.754634451264144517e-12
0.000000000000000000e+00,2.385382045575745685e-13,2.697275160572733421e-12
3.959794982212019019e-16,2.308497295987263812e-13,2.593991366571042809e-12
5.074317834289774113e-16,2.243335713763877612e-13,2.516832931999751343e-12
1.046472302848530780e-15,2.188015910078217735e-13,2.455443171158575761e-12
3.417702813070751698e-15,2.140894101377118317e-13,2.389821902879817888e-12
3.165439796487984698e-16,2.100511056777954445e-13,2.358474168495650372e-12
2.570323126607450382e-16,2.065550323769083410e-13,2.320463028932623144e-12
2.313329000738303446e-15,2.034805636819299267e-13,2.276781490983587107e-12
1.065904114299415266e-15,2.007155990162428787e-13,2.248519960026932093e-12
4.059952537411278732e-17,1.981547282793673280e-13,2.225409886478134919e-12
1.704079434032170592e-16,1.956979753384708627e-13,2.198547730589814814e-12
6.253718761758867159e-16,1.932500637605380265e-13,2.169060410693357050e-12
1.687548313762843530e-15,1.907201615148031135e-13,2.136108260314565072e-12
6.155653215878356150e-16,1.880220678799398856e-13,2.110053252171673577e-12
1.172036753109503471e-16,1.850748060767549984e-13,2.081909566869765875e-12
2.307707436677861244e-15,1.818035798873337288e-13,2.032196106726026022e-12
2.868930944259205658e-15,1.781410424555778134e-13,1.989313414279452586e-12
1.607114727298942167e-15,1.740288115307146784e-13,1.948734963600489442e-12
0.000000000000000000e+00,1.694191488514251743e-13,1.914326079171991784e-12
2.330479802192065771e-15,1.642767037711808555e-13,1.835187656116149049e-12
3.588641839503244365e-16,1.585802045601449160e-13,1.782126989375477829e-12
2.585427152652951064e-15,1.523239673613076348e-13,1.700675431468647269e-12
2.281667331314868964e-15,1.455190849816394599e-13,1.626171416097239185e-12
1.938467528685961046e-17,1.381958878248149097e-13,1.556806493598342314e-12
6.553038520675227023e-16,1.305451935186778223e-13,1.463952678597232351e-12
6.211913891621687680e-16,1.229779427481176672e-13,1.379044425140561410e-12
0.000000000000000000e+00,1.158492563577693613e-13,1.304163193686824479e-12
2.277137649194024550e-15,1.094363234081515943e-13,1.218960471483272685e-12
1.090290143396076358e-15,1.039532044956938184e-13,1.164562997836730396e-12
4.540353916834425032e-16,9.952913197961041771e-14,1.116486928995209923e-12
1.413845349228333046e-15,9.605015047197473787e-14,1.073840732356428603e-12
1.719740887827665854e-15,9.335063107273352558e-14,1.042352148805556977e-12
1.012498828646543085e-16,9.129400648491394043e-14,1.026037585648996738e-12
1.432553325547379360e-16,8.976488043892468718e-14,1.009352594035788093e-12
1.812941315537812994e-37,8.866294868218480730e-14,9.985983781268235725e-13
5.454991611469384213e-16,8.789834830883758393e-14,9.866755156856621955e-13
9.595085885903013647e-16,8.738811286878216387e-14,9.785530001063214063e-13
9.067112154623388274e-16,8.705352339993015935e-14,9.767392979067087276e-13
1.200497966135493195e-17,8.681822613983728971e-14,9.781051130902541185e-13
1.730599319422103163e-16,8.660704438964249462e-14,9.748179341865914396e-13
9.423065483083370453e-16,8.634544952573623499e-14,9.672450128384001661e-13
2.258893002555619291e-16,8.595967687701522990e-14,9.666291459584670228e-13
1.727843048321567998e-15,8.537747710823474978e-14,9.522179342006101672e-13
4.569331370339299714e-16,8.452948326684476513e-14,9.504440433949804314e-13
7.723411769456515939e-16,8.335869036425939450e-14,9.333887887860362685e-13
9.531813863354655713e-16,8.189299598415469573e-14,9.164773035415897516e-13
1.030372306280227568e-15,8.020853521197785416e-14,8.976773704267918991e-13
1.420424929016150640e-15,7.837929732881149733e-14,8.759556013542941070e-13
7.952722165084125886e-16,7.647491325651681017e-14,8.563244897085043767e-13
2.359707858455016341e-16,7.455971546537943560e-14,8.378214939575991222e-13
2.494390734775892068e-17,7.269235976806051308e-14,8.184098261644919248e-13
4.303765037995692016e-16,7.092594011509835844e-14,7.958250221835149492e-13
3.270907649674164123e-16,6.930683486794066327e-14,7.784841753099866593e-13
4.090670627753463230e-16,6.784792101126726686e-14,7.610908722159767729e-13
7.735233909139966048e-16,6.653636651781750972e-14,7.444054175165139015e-13
1.563750257632410176e-16,6.535981583278081859e-14,7.361061262064468264e-13
6.548445028920862389e-16,6.430708384477398484e-14,7.211941950316968481e-13
8.040798984180933421e-16,6.336800475246732357e-14,7.087969951172809337e-13
1.231571838368732754e-15,6.253329941627430658e-14,6.985027425394128643e-13
0.000000000000000000e+00,6.179445861804562211e-14,6.983307595894440982e-13
7.886913971415280437e-16,6.114364005280651910e-14,6.851897240995832821e-13
1.044962709958492337e-15,6.057357721577300301e-14,6.782068250483142139e-13
5.805048180977549001e-16,6.007749863567827006e-14,6.745163619527593979e-13
5.727505358228529123e-16,5.964905615058301681e-14,6.694969582829212449e-13
0.000000000000000000e+00,5.928226113183754342e-14,6.737015169678271678e-13
3.909868450885708324e-16,5.897142774153852989e-14,6.634311595069912415e-13
7.381719380492613346e-16,5.871112246350702288e-14,6.581394512645712903e-13
6.718060091942230506e-16,5.849611928130478359e-14,6.551148445507593931e-13
5.521039760126901411e-16,5.832135999233531930e-14,6.553214188287095772e-13
7.917607811788233767e-16,5.818191924712841172e-14,6.526157094333603055e-13
2.089189452868834118e-16,5.807297380444893565e-14,6.530796554682883541e-13
4.312122983941458220e-16,5.798900520504732459e-14,6.512429433422153493e-13
6.995225304608722755e-16,5.792202038743062793e-14,6.496774721966719499e-13
9.618125987906843859e-16,5.786354585737244439e-14,6.475314827427378027e-13
7.820712731446668675e-16,5.780512880798784306e-14,6.483427000447454887e-13
3.700683830681716057e-16,5.773833105227925681e-14,6.492497088555754271e-13
9.012812945315975550e-16,5.765473528150065820e-14,6.463591345397845255e-13
8.218597477051132557e-16,5.754596364874921777e-14,6.456859924522214310e-13
1.042777729158920615e-15,5.740370862574288683e-14,6.426733486233822776e-13
6.289845245415188644e-16,5.721977597877369425e-14,6.428099145055710003e-13
2.883428137775129576e-16,5.698613955782496492e-14,6.424656346853288349e-13
2.933784186234882913e-16,5.669500739254032018e-14,6.373556151445080446e-13
3.679886810098787581e-16,5.633889834303589881e-14,6.340612347045311381e-13
6.726327837976786918e-16,5.591072826732321347e-14,6.282141895074238623e-13
7.649323572960460839e-16,5.540390434730242550e-14,6.210810865756007620e-13
4.329282751638039901e-16,5.481242587109879714e-14,6.168938883683118780e-13
9.175580552500971279e-16,5.413098941271363946e-14,6.064969225652981053e-13
4.333969634742869075e-16,5.335509599475106971e-14,5.991523206333229933e-13
1.056752982366265120e-15,5.248115748290526809e-14,5.862839706017660515e-13
9.423300967430396956e-16,5.150659916035664062e-14,5.762346168954349142e-13
5.622321501800771485e-17,5.042995518623689013e-14,5.692280834215154043e-13
1.086527194350973406e-15,4.925095347527184886e-14,5.506340017958017732e-13
7.044982868917230841e-16,4.797173868820928321e-14,5.386042240532773118e-13
8.970404739881898368e-16,4.661938103124103643e-14,5.221542443679490305e-13
6.942046854050075629e-16,4.524128635434406318e-14,5.080891009744800472e-13
6.140952334449931727e-16,4.388107678671214301e-14,4.927423505116744411e-13
1.283835278560699252e-15,4.257757079674220207e-14,4.745961238730987945e-13
4.512439779603346395e-16,4.136509507369334508e-14,4.651204113337177223e-13
7.797418127675912769e-16,4.027410271023334162e-14,4.516443767633406888e-13
4.191340454480838708e-16,3.933203860271089239e-14,4.436991656633373683e-13
3.396052015838833434e-16,3.856037018173911154e-14,4.346919763318403718e-13
1.324314189836121101e-15,3.794750508579632876e-14,4.229969748288797730e-13
1.038250979786650083e-15,3.746820141143655737e-14,4.187718017537642331e-13
4.571481686524448039e-16,3.709954687722937584e-14,4.174055150052812448e-13
1.094161397017631632e-16,3.682040649862240326e-14,4.162234788686399206e-13
1.990244690588273956e-16,3.661089613728200270e-14,4.142932561012536563e-13
6.251651383424354547e-16,3.645197474698997628e-14,4.093184048554425592e-13
2.335865359235105357e-16,3.632514189286139778e-14,4.106112510116585185e-13
6.601587965377368006e-16,3.621223220328143411e-14,4.063878678835496438e-13
3.265509333185865951e-16,3.609530197984607338e-14,4.069529182955796329e-13
6.438932210248129576e-16,3.595660540282153258e-14,4.037241331066953707e-13
7.330606015348780000e-16,3.577865871190501400e-14,4.020450932335337332e-13
3.372264676390726318e-16,3.554439045528620981e-14,4.006786752078744741e-13
1.188909782159802616e-15,3.523737441634459458e-14,3.926016432786145409e-13
7.282579264433243705e-16,3.484213920304681386e-14,3.910322717768958439e-13
1.057355335312974983e-15,3.434479643409841455e-14,3.839048655082363597e-13
7.689870403149565014e-16,3.374773472565604331e-14,3.786360835679887828e-13
5.344137714714807375e-16,3.307625718407614339e-14,3.721038206135726735e-13
5.231945078646755112e-16,3.235651496941869941e-14,3.640687940634625196e-13
5.767092725761585944e-16,3.161309168733146105e-14,3.551015946336375903e-13
8.721498101141030271e-16,3.086873828152930968e-14,3.457943948270612488e-13
7.077405905379798965e-16,3.014427865674344439e-14,3.385655441197736573e-13
6.598880024282084560e-16,2.945866525527816771e-14,3.312811224979193255e-13
8.928499117146478683e-16,2.882916326789477899e-14,3.229124564625878293e-13
1.167894415563043875e-15,2.826997463473743996e-14,3.152008769938560203e-13
8.734999559725381961e-16,2.778010650313788904e-14,3.113079987785916606e-13
4.179245935382236400e-16,2.735162390413256717e-14,3.083428413634415618e-13
3.241813057048242293e-16,2.697724212840893238e-14,3.052835821478649075e-13
6.672219607503221560e-16,2.665026599930902864e-14,2.996858777103138732e-13
5.125138400621321822e-16,2.636448488543002417e-14,2.967909671086427311e-13
9.727666530495394780e-16,2.611408395694652316e-14,2.922530120402878253e-13
7.101893330158878468e-16,2.589356958320704310e-14,2.906585664380955962e-13
4.046349926689234875e-16,2.569770722709001965e-14,2.896092521135485359e-13
5.845489783294845690e-16,2.552147056335931214e-14,2.873675684730977825e-13
6.111187759013571859e-16,2.536000084771588810e-14,2.852039372933522566e-13
5.673255315618891818e-16,2.520857580071833819e-14,2.836579118573780350e-13
3.738261600942504912e-16,2.506258745376050519e-14,2.832685815557140218e-13
5.247446760348492019e-16,2.491752853826164037e-14,2.806767691621651305e-13
1.000777359652594676e-15,2.476898708800100982e-14,2.766458697018732691e-13
9.852577918836824625e-16,2.461264897080820682e-14,2.757530245818017269e-13
3.639919723234500343e-16,2.444430922850983539e-14,2.767257391101611203e-13
8.432112600194541176e-16,2.426133367493996085e-14,2.716996608588883569e-13
8.381295391214213103e-16,2.406542989112980607e-14,2.695279654218822267e-13
3.904113016535527217e-16,2.385905840518652173e-14,2.690458690479069346e-13
3.520084223369339832e-16,2.364462599138085933e-14,2.668832363102708512e-13
9.484858444318762941e-16,2.342447661344510366e-14,2.613841728669541202e-13
5.190142116593486581e-16,2.320088467320885738e-14,2.614791488045426416e-13
5.196733759591979694e-16,2.297605047957580247e-14,2.586222847926525675e-13
4.800334084277887870e-16,2.275209783751162531e-14,2.562951955656274978e-13
6.113734628626131092e-16,2.253107364711576719e-14,2.534332855568580182e-13
6.706589518876679495e-16,2.231494939865194436e-14,2.503312706362126503e-13
7.651066927004099414e-16,2.210562445023767161e-14,2.484108549072155965e-13
4.866919358392443397e-16,2.190493098035986155e-14,2.468133770456592208e-13
5.145098685265983155e-16,2.171461917935360222e-14,2.446026892095089630e-13
1.140417507412042754e-15,2.153518542072997206e-14,2.398738820611334255e-13
8.328899114931128570e-16,2.136530726321359270e-14,2.393304947860786375e-13
8.351475131375181638e-16,2.120355775516983679e-14,2.368584458493235302e-13
5.652784770521926204e-16,2.104855510056141721e-14,2.368407645414377921e-13
8.007976366192324089e-16,2.089895821931136488e-14,2.335647749342421667e-13
4.405070763542534580e-16,2.075346317185307807e-14,2.343354842686039518e-13
2.913538881527183350e-16,2.061080040566487434e-14,2.333079592297736869e-13
5.677848530967351554e-16,2.046973278674090253e-14,2.303103182221962029e-13
7.234274400294157068e-16,2.032905438274168614e-14,2.283829276154890102e-13
7.090262925620404421e-16,2.018758996706817669e-14,2.266683881378342908e-13
6.897975640133854035e-16,2.004419781521366592e-14,2.248407906091354960e-13
5.322780418227449670e-16,1.989839306183488547e-14,2.242287462780993496e-13
8.665010078977143770e-16,1.975113135053534713e-14,2.209232736422132956e-13
4.795680275752795968e-16,1.960354160132842238e-14,2.210208059346428564e-13
1.157155732048890120e-15,1.945672214232065835e-14,2.164153470867757463e-13
8.709726317082913561e-16,1.931174074553493602e-14,2.158536720647438510e-13
6.364919536205415730e-16,1.916963526265563840e-14,2.154531204541302842e-13
2.355743465054363228e-16,1.903141483348526130e-14,2.156097136047104242e-13
4.382582400918144039e-16,1.889806164120136472e-14,2.135051117418238623e-13
4.680573557970132305e-16,1.877052677293307628e-14,2.117676232800345601e-13
4.389965648079409277e-16,1.864923086455506368e-14,2.107488082835722190e-13
6.279792094300284170e-16,1.853372160231126764e-14,2.087649139384918941e-13
6.302276751171047368e-16,1.842347561886933291e-14,2.073675169187027370e-13
4.406944989870793721e-16,1.831798364711992844e-14,2.067465326171209848e-13
5.209438503498456490e-16,1.821674928656993829e-14,2.050340846058222870e-13
5.730673051482068024e-16,1.811928790535452101e-14,2.038047509246452640e-13
6.328299324408166795e-16,1.802512567184647280e-14,2.022207045406228575e-13
4.440750807342142011e-16,1.793379871053489964e-14,2.021228208319041079e-13
5.454651262425145546e-16,1.784485237745042050e-14,2.008473353118966732e-13
8.672106207035511513e-16,1.775784065093615122e-14,1.984016826825929658e-13
5.676655462909902241e-16,1.767232563399674303e-14,1.987438945792774128e-13
6.212181180749775496e-16,1.758787716482010526e-14,1.974538045431673399e-13
5.878839304519458890e-16,1.750407253234538287e-14,1.972450959031498094e-13
9.028351862191852911e-16,1.742049629396869023e-14,1.943143750406166514e-13
3.516035758829530107e-16,1.733674019261353417e-14,1.965786047793806201e-13
5.544018451612793176e-16,1.725240317047215877e-14,1.941519120961121316e-13
5.810932627544188299e-16,1.716709147673567226e-14,1.931346470327481872e-13
5.850729570488527353e-16,1.708041886657652371e-14,1.919373204592285889e-13
4.844300133302228177e-16,1.699200688853594550e-14,1.916997725600110659e-13
7.311331128440313539e-16,1.690150369397866567e-14,1.893473132637646620e-13
7.837312661466980587e-16,1.680885032283881548e-14,1.882049128130875885e-13
4.100581688061584021e-16,1.671421384969997646e-14,1.889482758299959564e-13
8.881262223226890034e-16,1.661776543322773116e-14,1.856754840251659025e-13
7.239062369440955874e-16,1.651967398163782409e-14,1.854506754665297325e-13
5.945822881238941868e-16,1.642010598484651925e-14,1.847241272874982893e-13
4.927699806595916708e-16,1.631922536231126224e-14,1.838947907259552135e-13
2.462499264381848115e-16,1.621719332633418994e-14,1.844934254196011361e-13
6.881438044096925063e-16,1.611416826056822678e-14,1.803755838072268277e-13
8.974197234670254829e-16,1.601030561342883404e-14,1.783730346410233459e-13
7.033759500068699355e-16,1.590575780608213526e-14,1.785963121367888838e-13
4.958112762972185823e-16,1.580067415465793934e-14,1.784131111950647745e-13
5.504533428410511840e-16,1.569520080631021017e-14,1.765948210565566740e-13
6.350246486572604900e-16,1.558948068872867820e-14,1.747319917448432037e-13
5.867558926067291759e-16,1.548365347269015534e-14,1.738292081864427373e-13
6.172204260041887935e-16,1.537785554722219927e-14,1.725351886441596550e-13
8.632206923576820245e-16,1.527222000694829819e-14,1.702290022911626916e-13
4.626703828611643977e-16,1.516687665117028053e-14,1.711118036132519856e-13
4.005409002360777509e-16,1.506195199424373223e-14,1.700444445763143962e-13
4.760388638716186345e-16,1.495757116648455220e-14,1.686240545830920862e-13
7.851563855984176381e-16,1.485387895261719917e-14,1.661069494917527640e-13
4.007636331421128234e-16,1.475103159937255336e-14,1.666158516115833085e-13
8.271241456818151045e-16,1.464918146212500675e-14,1.634464942532108835e-13
7.288335414609762201e-16,1.454847680527129309e-14,1.629088061355694295e-13
5.202013627170587300e-16,1.444906190722381329e-14,1.625579208644590607e-13
6.030768392410433395e-16,1.435107718026259779e-14,1.608955492100048082e-13
7.096526672929176198e-16,1.425465930457972539e-14,1.597345415199899982e-13
5.146238448917405418e-16,1.415994137587239027e-14,1.590751462739860263e-13
4.760954266838366390e-16,1.406705306589279640e-14,1.585790440301024397e-13
5.463670787887817579e-16,1.397612079539515093e-14,1.573095705475962942e-13
6.690383671368868511e-16,1.388726791897327162e-14,1.556359699120247549e-13
5.037932030023883977e-16,1.380061492132676458e-14,1.555623431004438380e-13
3.129623644088476347e-16,1.371627962455290891e-14,1.551189376806163731e-13
5.284155228547565011e-16,1.363437740610670654e-14,1.530150109848132629e-13
3.255548126459674258e-16,1.355497548757816078e-14,1.533572364012288763e-13
7.861002182614326595e-16,1.347793479027179651e-14,1.501917537925194229e-13
5.230021320819621246e-16,1.340306230016305054e-14,1.507820709111436181e-13
7.296524805071189183e-16,1.333016936411202852e-14,1.488652095475819270e-13
6.491282891741644654e-16,1.325907143587934567e-14,1.487408900120983082e-13
4.865400415059725507e-16,1.318958784454969079e-14,1.486978987642489496e-13
4.794388730278808316e-16,1.312154158744184116e-14,1.479703826377181537e-13
3.419457928419493442e-16,1.305475914664728919e-14,1.480145079220646710e-13
7.285289210095023663e-16,1.298907032840697449e-14,1.452162562196225401e-13
4.226792044433230384e-16,1.292430812459236709e-14,1.459930138134922966e-13
5.340866660908410763e-16,1.286030859560398699e-14,1.446809034837874316e-13
3.586137259440087860e-16,1.279691077404750072e-14,1.448412967036693656e-13
4.608822309311744690e-16,1.273395658857307898e-14,1.438659223708674036e-13
6.596759843154822551e-16,1.267129080730256025e-14,1.420060597356945849e-13
6.003730488312951482e-16,1.260876100027756546e-14,1.416762103775805315e-13
6.384980632445308425e-16,1.254621752038257725e-14,1.405974759629669076e-13
7.982045544004995361e-16,1.248351350220413510e-14,1.392273054338351052e-13
5.543304482774761583e-16,1.242053360246451274e-14,1.395260178674878618e-13
5.652366054850309406e-16,1.235730775833267546e-14,1.384241035012929381e-13
3.460294192606145082e-16,1.229390988217264939e-14,1.383565645793995696e-13
3.885880516604093975e-16,1.223041260699929795e-14,1.376078478716525478e-13
4.346336017109911996e-16,1.216688726050322431e-14,1.368284166677981617e-13
4.456172224989944374e-16,1.210340385818903678e-14,1.358252264396876946e-13
5.315732763973962733e-16,1.204003110060235913e-14,1.351585277984884621e-13
4.446163895345524173e-16,1.197683637452724891e-14,1.351976580813521576e-13
4.827298329451880188e-16,1.191388575803655123e-14,1.341792918130551782e-13
8.543778432847611804e-16,1.185124402927560770e-14,1.319418352071778658e-13
4.100838331458635465e-16,1.178897467886400035e-14,1.333085176298660757e-13
4.467762701203627358e-16,1.172713992579646148e-14,1.322996105913349144e-13
7.101720220486870471e-16,1.166580073673149942e-14,1.304696292694428848e-13
6.660169196687962417e-16,1.160501403291210574e-14,1.302345542562717437e-13
7.159313726739324198e-16,1.154480095322221517e-14,1.291861951522082631e-13
6.487785405767037952e-16,1.148515893422367413e-14,1.287572546621558849e-13
4.831780126290818593e-16,1.142608498531292571e-14,1.290316053974912471e-13
6.500045182909733627e-16,1.136757613121786627e-14,1.276252174886499837e-13
6.549766664254364077e-16,1.130962941236749625e-14,1.269840396370601021e-13
3.676299923621833586e-16,1.125224188525904344e-14,1.276014603873266112e-13
6.765213227077780292e-16,1.119541062281784439e-14,1.257827094470425585e-13
5.050865664943408067e-16,1.113913271475225777e-14,1.261417132721926501e-13
7.119243511401247366e-16,1.108340526790461271e-14,1.241409871716893983e-13
3.238026468731402334e-16,1.102822540659577861e-14,1.248421863492396269e-13
1.977731082602310620e-15,1.097359027296588355e-14,1.161239610132061894e-13
5.838575242954639249e-16,1.091949734885662473e-14,1.227907455603573458e-13
5.971711082600342479e-16,1.086597348548921239e-14,1.221412341242268771e-13
6.447666992340824492e-16,1.081309733528698939e-14,1.213426455275408860e-13
7.020902889664961532e-16,1.076095150895768635e-14,1.208927354169595844e-13
6.393529875508813117e-16,1.070961711606690558e-14,1.202790776644948270e-13
8.025623289882583221e-16,1.065917382353000514e-14,1.192009859839346507e-13
5.903246681354074848e-16,1.060969992023251244e-14,1.194055504540869153e-13
5.506487103113901413e-16,1.056127238760765871e-14,1.191363100524358299e-13
7.394797530235604579e-16,1.051396697601989192e-14,1.179392231553412728e-13
6.670214000681907973e-16,1.046785828681757494e-14,1.174678875901661407e-13
7.181795882268445480e-16,1.042301985993150354e-14,1.169275660010679627e-13
6.352853011803544020e-16,1.037952426692007040e-14,1.165292227229582641e-13
5.961398734139309392e-16,1.033744320937491729e-14,1.160765743714770686e-13
5.725401399893878538e-16,1.029684762262829097e-14,1.157990129341310142e-13
5.897289298360700845e-16,1.025780778471787152e-14,1.154735344433165230e-13
3.898362243312629674e-16,1.022039343059343775e-14,1.158937082903615873e-13
7.382762073126501996e-16,1.018467387157165230e-14,1.139793614094726722e-13
5.635308287292419703e-16,1.015071615942860448e-14,1.144379425096262778e-13
5.926607266191125710e-16,1.011851291885997755e-14,1.142090736990637542e-13
6.363891548585881307e-16,1.008796231432114212e-14,1.134260185009932798e-13
5.915266040320161858e-16,1.005895802910561319e-14,1.130325382921623698e-13
5.818395484143260636e-16,1.003139543329287788e-14,1.128740589985777130e-13
5.983610230507344033e-16,1.000517144036668914e-14,1.125851571942410921e-13
5.568186373136140516e-16,9.980184374612012564e-15,1.123497809992969330e-13
6.104197516598923358e-16,9.956333848975851772e-15,1.121636292720372396e-13
5.262937093464741402e-16,9.933520653115164799e-15,1.121245333988463736e-13
5.824387061623893940e-16,9.911646651383620074e-15,1.116789216998297942e-13
5.914039538843477292e-16,9.890614690537117190e-15,1.113082468709947626e-13
5.635793026221196188e-16,9.870328516964258787e-15,1.108614795689142157e-13
6.394550427906004291e-16,9.850692703271018292e-15,1.105418205791003187e-13
6.299013320605988519e-16,9.831612584066078574e-15,1.104338388045804602e-13
5.980869539568559723e-16,9.812994200815753337e-15,1.106565440606713010e-13
4.210500374363514990e-16,9.794744255648159975e-15,1.111821648379667150e-13
5.527396834749847891e-16,9.776770074002222393e-15,1.098435428672252827e-13
5.362330330900231742e-16,9.758979576026657450e-15,1.099614557461716050e-13
6.165219780744737019e-16,9.741281256640742496e-15,1.095295691066639372e-13
5.445285316135815178e-16,9.723584174179178556e-15,1.097867012711553096e-13
6.421764105653904847e-16,9.705797947540825164e-15,1.089598846516191060e-13
6.493560427319853428e-16,9.687832766155489317e-15,1.089156158283526882e-13
6.753034311555452678e-16,9.669618991431076233e-15,1.086857835934853253e-13
6.323942763239795988e-16,9.651151965977517277e-15,1.082304645128023020e-13
7.091148964116247857e-16,9.632440350805602036e-15,1.079914907639549373e-13
6.110459797621957831e-16,9.613492779103106405e-15,1.081994123337206900e-13
6.786590711557521618e-16,9.594317854125547354e-15,1.076494224811854156e-13
5.876687191901017283e-16,9.574924147156508893e-15,1.079305346372906909e-13
6.262859379271293369e-16,9.555320195538754126e-15,1.076850898682329219e-13
5.890100364980481151e-16,9.535514500775627947e-15,1.074779883482585083e-13
7.109942775863613969e-16,9.515515526702150882e-15,1.066751819042612302e-13
6.641566422609269676e-16,9.495331697726443020e-15,1.066852055982752119e-13
6.453485200220487558e-16,9.474971397141419685e-15,1.063995754553466583e-13
6.422313566109585298e-16,9.454442965505218978e-15,1.064621572220226848e-13
5.600140337121641265e-16,9.433754699092541597e-15,1.063372111548290435e-13
6.985063449648294766e-16,9.412914652731773347e-15,1.057692507721206295e-13
7.613704815447840049e-16,9.391917273604521894e-15,1.049740746317352666e-13
6.013237766291415271e-16,9.370734958232425219e-15,1.053948739058861921e-13
6.856552096926619187e-16,9.349338307937594250e-15,1.048167219626012769e-13
5.196201062118935132e-16,9.327698188900948751e-15,1.054300733793317729e-13
7.241534509885884693e-16,9.305785740017176728e-15,1.043320121610263517e-13
5.982594349188463148e-16,9.283572381653416037e-15,1.048125730805461388e-13
7.806457592985353658e-16,9.261029825291193572e-15,1.037086910370759794e-13
8.522604379967666053e-16,9.238130084041242200e-15,1.029953791714709039e-13
5.823521151127572143e-16,9.214845484007345029e-15,1.039703408644412390e-13
5.296186837977696258e-16,9.191148676485812130e-15,1.038558326175609000e-13
4.985180038571141246e-16,9.167012765100788942e-15,1.037666322782300009e-13
5.911587205564434112e-16,9.142450853955354822e-15,1.028718329540773137e-13
7.288026349682662445e-16,9.117573445211730795e-15,1.023685826286682842e-13
4.618316673626146944e-16,9.092504719209413927e-15,1.047410398185305187e-13
6.358302902274960138e-16,9.067367655077124648e-15,1.036040641961843764e-13
6.815150443685697812e-16,9.042284010859483624e-15,1.027162544198695466e-13
5.294256507751937920e-16,9.017374320111077970e-15,1.031666477814742467e-13
5.112225692142645450e-16,8.992757904702015086e-15,1.016821963841911747e-13
6.210569541578581812e-16,8.968552903575693916e-15,1.008671629064317847e-13
6.862834420563255488e-16,8.944876317210409739e-15,1.004289084657808156e-13
6.544257349307471287e-16,8.921844067547219138e-15,1.000264310477593775e-13
4.856668311504649229e-16,8.899571073164888038e-15,1.007969298256166999e-13
5.498639494246128467e-16,8.878171339508386829e-15,9.998521742176964036e-14
4.858371230121522123e-16,8.857758064006148996e-15,1.003285966104894459e-13
6.864593666483650263e-16,8.838443755946715342e-15,9.935817196956910988e-14
5.538390276131596516e-16,8.820340371028680140e-15,9.969212989282222472e-14
6.392170498496358147e-16,8.803558604612890246e-15,9.882556580528163538e-14
5.043643432182838692e-16,8.788157919011221213e-15,9.945164604994673638e-14
6.182421626286561820e-16,8.774119216221107001e-15,9.883375495771494074e-14
5.089990521681120775e-16,8.761417347264052857e-15,9.876476473853710861e-14
6.378585081380349873e-16,8.750027867615737630e-15,9.824052466520432038e-14
5.877202095330506240e-16,8.739927004895812530e-15,9.829239352209230040e-14
6.226883471555640696e-16,8.731091627583476222e-15,9.834050357669808205e-14
6.120672174153595757e-16,8.723499214708555335e-15,9.810104163520608753e-14
6.274109975210360517e-16,8.717127826471831539e-15,9.780821504729726126e-14
5.297804431092467645e-16,8.711956075752488485e-15,9.843917008879617075e-14
5.683011217033328033e-16,8.707963100457937537e-15,9.838436648612687670e-14
7.250378433885632973e-16,8.705128536679651100e-15,9.755818249169023893e-14
6.616508870312371083e-16,8.703432492614787396e-15,9.762230328804840715e-14
5.397536679885889640e-16,8.702855523219316500e-15,9.833267641089870672e-14
5.547703168652297428e-16,8.703378605557175700e-15,9.810923213791864467e-14
6.003713099175642249e-16,8.704983114815040449e-15,9.780173798413073119e-14
5.450578522716517056e-16,8.707650800950422829e-15,9.826179947959303637e-14
7.124919345762672239e-16,8.711362457781769645e-15,9.759615791335876881e-14
5.244761120884286891e-16,8.715958759731799874e-15,9.838126743264700085e-14
7.069100846358762694e-16,8.721016395866666767e-15,9.780431404299625460e-14
6.715117071172930340e-16,8.726081757898404799e-15,9.813011204279216944e-14
5.053216389929897637e-16,8.730699825097615703e-15,9.898187390886432757e-14
5.937207936295660520e-16,8.734414280617991942e-15,9.854116635298562599e-14
5.435893553659127774e-16,8.736767866016273490e-15,9.882956215999041706e-14
7.330348656304692842e-16,8.737302975151191165e-15,9.779792402968053684e-14
6.802917742532911202e-16,8.735562487944340342e-15,9.792450146813591508e-14
6.353533581129579857e-16,8.731090843439459077e-15,9.818841345250784180e-14
6.665920336254909074e-16,8.723435350195406819e-15,9.811961824519278282e-14
7.271124777495446532e-16,8.712147730299594965e-15,9.770824323912214464e-14
6.478493393674773104e-16,8.696785891204344289e-15,9.781309046669056671e-14
5.539536821260963847e-16,8.676915917176388094e-15,9.797955640114333751e-14
5.785104663807982874e-16,8.652130456325004259e-15,9.770998061997750926e-14
6.102541512575619696e-16,8.622586879793476339e-15,9.706066901882796853e-14
6.618809076234769988e-16,8.589123213769347444e-15,9.641399775537179961e-14
5.501866498038507063e-16,8.552613003001194693e-15,9.678131570374971955e-14
6.788324550088521830e-16,8.513920239062535907e-15,9.573702952917111628e-14
7.173021305396155211e-16,8.473896755486894902e-15,9.509069259448679324e-14
5.889010590672674030e-16,8.433380477506135067e-15,9.499003585985639968e-14
4.946939597098024634e-16,8.393194507620224564e-15,9.511074423972027920e-14
7.133154374914941622e-16,8.354147024511516048e-15,9.359440526084387993e-14
6.216384151503795380e-16,8.317031971368202540e-15,9.391073749339864517e-14
5.929499412644581557e-16,8.282630510421600554e-15,9.354202142132645102e-14
6.828395560174316265e-16,8.251713223333183789e-15,9.261677928814002210e-14
5.925181880882659453e-16,8.225043041931421284e-15,9.295498096536338036e-14
5.687960468396193073e-16,8.203378900615912416e-15,9.257556073690344578e-14
6.158838324294062785e-16,8.187419358658247138e-15,9.205842259376471822e-14
6.324401422626028141e-16,8.176986373537229655e-15,9.177894217703739103e-14
7.211475398034822676e-16,8.171247994863896219e-15,9.151459736015068996e-14
6.498816555562836271e-16,8.169366642575146764e-15,9.191324214560907537e-14
6.856414893132167714e-16,8.170511208530239418e-15,9.170598271805054046e-14
7.013431230201402727e-16,8.173853565488247545e-15,9.186868026867009733e-14
6.593133747518263732e-16,8.178565921995373800e-15,9.161029286033642211e-14
4.392321130611592167e-16,8.183819016644965012e-15,9.260450556199643113e-14
4.404039843312525744e-16,8.188781151485979953e-15,9.285884896395499555e-14
6.611655990595529210e-16,8.192618068278007900e-15,9.197023399150714285e-14
5.802587212590884857e-16,8.194493672835389825e-15,9.297184694473951972e-14
6.023180241049627104e-16,8.193571611835901829e-15,9.319222716834063406e-14
8.642533207989009210e-16,8.189017703177098950e-15,9.148856404907935655e-14
6.208651723126478529e-16,8.180003215231513133e-15,9.237306933440047097e-14
6.509804503723081277e-16,8.165708982194031326e-15,9.181798219010576327e-14
6.958524111764492879e-16,8.145439834490771465e-15,9.157234354267823866e-14
4.806673750741434175e-16,8.119450249870740983e-15,9.187735936749500317e-14
5.144549470586162546e-16,8.088474035657220067e-15,9.155374443393450506e-14
5.346001154948410355e-16,8.053248796996281031e-15,9.119254524808729154e-14
5.432817947494388408e-16,8.014508192132472143e-15,9.070417136971235548e-14
5.476217319527553530e-16,7.972978511028841769e-15,9.018452385783885252e-14
6.852613923363841957e-16,7.929375899069638972e-15,8.911716033332480404e-14
5.969844413081087551e-16,7.884404219642781019e-15,8.892084346920350538e-14
6.082908775532160732e-16,7.838753543370461837e-15,8.835674521129224167e-14
5.990526610987421887e-16,7.793099247296014866e-15,8.769999119422491615e-14
6.464701471032201265e-16,7.748101704373832494e-15,8.701313655626752981e-14
5.367430340401002126e-16,7.704406542108992735e-15,8.709341667557052206e-14
6.606079862630082845e-16,7.662645449089819399e-15,8.626636255803844348e-14
5.983854577266407006e-16,7.623437509368297084e-15,8.583500890183691255e-14
5.975612048161360188e-16,7.587391047119899034e-15,8.536222193652535421e-14
5.597315271905111776e-16,7.554981427458933172e-15,8.523953786979124318e-14
5.725340138437801037e-16,7.526068458600147312e-15,8.508923475551110288e-14
5.978134388750075507e-16,7.500330710367806406e-15,8.428179069993074854e-14
5.737027265859752049e-16,7.477454658185074814e-15,8.437047467412157976e-14
5.419910039886736870e-16,7.457133542092698788e-15,8.412912131847646741e-14
5.080170251790391441e-16,7.439066306176724367e-15,8.412584085740226028e-14
6.487361857533169657e-16,7.422956664448802409e-15,8.341313919146724907e-14
5.288278658702082874e-16,7.408512288252104858e-15,8.373303725523264141e-14
7.009590581327214957e-16,7.395444111215634826e-15,8.283498502727817030e-14
6.715258626097754612e-16,7.383465748593251193e-15,8.279719103194219499e-14
7.284814740156932708e-16,7.372293028508180389e-15,8.242167181897371971e-14
6.492829419464059479e-16,7.361643633182639191e-15,8.272610063322165237e-14
5.860683819268748731e-16,7.351236848672223729e-15,8.267896780878867778e-14
4.794807056438324019e-16,7.340793421945393400e-15,8.313079130580507062e-14
5.503310035939976555e-16,7.330035524357898288e-15,8.269351132533135345e-14
5.662039022285134187e-16,7.318686820659647451e-15,8.240954487139276303e-14
7.120845436059091289e-16,7.306511707300905475e-15,8.169478654924893639e-14
5.605324617024728752e-16,7.293514289950088454e-15,8.215086714404771532e-14
6.269690796863625885e-16,7.279788581394709401e-15,8.166030373259409947e-14
6.393262553232032757e-16,7.265428374909745343e-15,8.161077821962718507e-14
6.046369096014032416e-16,7.250526991601533233e-15,8.174289339343111451e-14
6.063288501280524810e-16,7.235177205398563166e-15,8.137835266167347633e-14
6.672934952779377890e-16,7.219471179843209488e-15,8.061515908522053829e-14
6.033263570565210845e-16,7.203500416596312431e-15,8.086587887022902751e-14
5.883067514702548772e-16,7.187355715543980421e-15,8.079933960500681740e-14
5.818462873498231256e-16,7.171127146380748720e-15,8.088493068434565856e-14
5.491845495454119526e-16,7.154904031530622504e-15,8.057898823089138422e-14
6.500251734286171944e-16,7.138774940259836321e-15,7.994484625134339982e-14
6.501326866430765552e-16,7.122827693828587545e-15,7.984154326615790531e-14
6.970325582745808872e-16,7.107149381532540236e-15,7.940406758337747103e-14
6.697532374204792665e-16,7.091826387484342853e-15,7.932608418469628089e-14
5.771825220181190728e-16,7.076944427994027857e-15,7.960657807883464287e-14
6.275685597135592041e-16,7.062588599419252143e-15,7.926367538594517039e-14
6.680634679255952110e-16,7.048843429665532192e-15,7.890213180032567782e-14
5.510628505008450321e-16,7.035788486550811560e-15,7.923233920639864853e-14
5.106243911488349004e-16,7.023490769729808754e-15,7.936143404739527706e-14
6.126244335866403899e-16,7.012014991335486305e-15,7.847927315307440272e-14
6.268322998985321266e-16,7.001425722155836788e-15,7.868205865561978107e-14
5.046799310764597330e-16,6.991787472178162129e-15,7.889455224767699835e-14
6.100389565286732393e-16,6.983164777332976044e-15,7.873628923993590018e-14
4.104210538054142037e-16,6.975622292498788624e-15,7.935324204723307279e-14
5.582418903025305534e-16,6.969224890852902191e-15,7.858113476439925216e-14
5.622449156787539125e-16,6.964037769680117556e-15,7.858040157064569841e-14
5.148405826314907806e-16,6.960126562776332438e-15,7.894132187274974773e-14
5.046629263570449400e-16,6.957557459618686588e-15,7.871599407275190166e-14
5.140323679522504666e-16,6.956397331500021063e-15,7.864633509567539353e-14
6.931104303556429085e-16,6.956713864865198153e-15,7.775041226342414380e-14
5.675675054601536361e-16,6.958575702117961710e-15,7.834443033995157463e-14
5.272249827648840167e-16,6.962052590210946853e-15,7.860926850843863577e-14
5.218179305226642744e-16,6.967215537367499820e-15,7.868462737494195844e-14
5.079987859576422250e-16,6.974135477942558647e-15,7.892673269088269515e-14
6.215152761386809311e-16,6.982731397868969093e-15,7.838808111202494375e-14
5.155854879660885915e-16,6.992638528018035328e-15,7.912829109249508775e-14
5.302348981293508097e-16,7.003459857664109139e-15,7.919694005454688048e-14
5.669556640420920584e-16,7.014796177949240324e-15,7.913843056197534191e-14
5.471666776191461801e-16,7.026245673118779856e-15,7.902328551930364632e-14
5.597978916901472395e-16,7.037403740665308371e-15,7.923255952153892276e-14
6.366474569040829010e-16,7.047863043207047301e-15,7.903650371000175132e-14
7.598896260650103194e-16,7.057213795031254132e-15,7.892578805888050116e-14
6.619720489058297219e-16,7.065044285958635740e-15,7.920586751574118315e-14
5.621115146443436389e-16,7.070941644524555284e-15,7.978885134905811918e-14
5.535307010081665203e-16,7.074492841432403955e-15,7.967164590274190375e-14
5.147266609374000551e-16,7.075285932791797461e-15,8.034263758358379818e-14
6.151513969245130439e-16,7.072911540834154642e-15,7.956183177994667202e-14
5.213097914712070726e-16,7.066964567586487875e-15,7.980571810868405909e-14
6.299043853601291429e-16,7.057068984434987345e-15,7.974475534437131353e-14
6.266930648890861306e-16,7.043307951619790218e-15,7.978734188840564641e-14
6.887418002765508659e-16,7.026183155155361756e-15,7.924436560522211552e-14
6.240940014388399095e-16,7.006212365973733886e-15,7.916991117248428751e-14
1.307538255475043617e-15,6.983911850786851659e-15,7.468449251696485054e-14
6.942906668766558834e-16,6.959794503121451026e-15,7.782420160633800279e-14
5.555868266227567960e-16,6.934368346489651220e-15,7.817436270603004960e-14
7.504692980447114854e-16,6.908135407342874599e-15,7.698144419860217876e-14
6.357661577195131453e-16,6.881590952806455987e-15,7.743223873862079543e-14
5.502568020945955805e-16,6.855223086295846456e-15,7.725110570112169582e-14
4.560126588452411523e-16,6.829512692933516069e-15,7.737942015995738672e-14
6.278073062908365004e-16,6.804933726221285304e-15,7.634279684405868397e-14
4.860849060894003504e-16,6.781953827632718146e-15,7.677883187481226543e-14
5.294558059783455854e-16,6.761035271672321984e-15,7.653257125128327401e-14
5.099748002849720629e-16,6.742636230463896099e-15,7.646156751482930565e-14
6.155399050528667528e-16,6.727212354075725086e-15,7.560593319551701637e-14
5.669182530284025712e-16,6.715165876500858132e-15,7.571245525562296082e-14
6.479148736824697800e-16,6.706463061260259688e-15,7.531514898137471368e-14
5.624162890407556443e-16,6.700858653791007585e-15,7.533720599668881202e-14
6.037375106526382146e-16,6.698111049591099570e-15,7.495901622294707752e-14
6.138527055113206190e-16,6.697982791829921744e-15,7.500687350916222037e-14
6.234303263309585226e-16,6.700239608736542486e-15,7.513275253105268033e-14
5.764175192862279634e-16,6.704649539537127856e-15,7.515634085658150385e-14
5.565031141881226990e-16,6.710982145600740110e-15,7.561207354516775341e-14
6.204885616473963858e-16,6.719007804274026984e-15,7.539851383839328780e-14
5.333414874768085082e-16,6.728497083618930278e-15,7.608640160856515991e-14
5.843817762924497073e-16,6.739220196913277056e-15,7.574681213432919008e-14
5.476415447525198174e-16,6.750946536345247273e-15,7.607008546288189658e-14
6.373219074322466321e-16,6.763444285822055509e-15,7.598827201697159940e-14
5.334855425328011630e-16,6.776480113226699849e-15,7.650773142024433408e-14
5.911656702042962295e-16,6.789818942794075660e-15,7.643918851415911116e-14
5.492962315259428149e-16,6.803267052744364600e-15,7.656393828325487338e-14
4.788093780243202443e-16,6.816901055587769021e-15,7.716973030875200362e-14
5.510803383762566469e-16,6.830903683147181834e-15,7.692942854822718702e-14
5.094170938456664767e-16,6.845459497448650185e-15,7.717955721249236016e-14
5.391595510967658899e-16,6.860754787005413827e-15,7.747200740619031941e-14
4.967470469114184293e-16,6.876977741002383848e-15,7.797773624275444032e-14
6.530299076941611514e-16,6.894318674899899685e-15,7.721860130079042036e-14
5.481711056033777065e-16,6.912970251551458215e-15,7.797498812180339845e-14
6.172351326046174870e-16,6.933012922467034379e-15,7.771731913945799163e-14
6.189332047547073461e-16,6.954171786167565049e-15,7.767615826411075803e-14
5.513327694581738667e-16,6.976099891888670188e-15,7.865072262273627185e-14
6.795555227856863317e-16,6.998446028202951864e-15,7.840335151395049867e-14
5.559118917580857349e-16,7.020854421115144502e-15,7.919716069269392640e-14
4.392569236853285166e-16,7.042964611213211592e-15,7.993256402473049810e-14
5.103284875710201886e-16,7.064411514077855198e-15,7.978008395655499330e-14
6.040872398926119948e-16,7.084825668197121098e-15,7.949233830876896142e-14
5.986954409525204325e-16,7.103833674409739002e-15,7.997066688991822081e-14
5.843570041264834140e-16,7.121058830405945459e-15,8.004182959720686847e-14
4.161659545624663892e-16,7.136121963027443962e-15,8.117885481114528448e-14
6.328544765350230391e-16,7.148642723755143215e-15,8.007685300238861068e-14
5.421058375772951625e-16,7.158415303591575754e-15,8.060859492900596791e-14
5.041944637029796494e-16,7.165713081704941087e-15,8.093649240500938727e-14
6.167094837918953287e-16,7.170894175184599853e-15,8.052217458395536458e-14
5.229327944011063548e-16,7.174319987082761798e-15,8.046869055418517919e-14
5.487060873089203469e-16,7.176354223998386441e-15,8.075697532436612096e-14
5.108291566099895881e-16,7.177362094852522410e-15,8.099646034621354680e-14
5.424731508761675358e-16,7.177709693611280279e-15,8.087092329168490874e-14
5.623398723995269339e-16,7.177763567705198354e-15,8.085924777631453200e-14
5.118415631268881042e-16,7.177890473142028532e-15,8.090238102022891324e-14
5.069762630648165085e-16,7.178457316827330009e-15,8.100931440104680947e-14
6.367691737542917406e-16,7.179831286387450456e-15,8.028788827382001264e-14
6.686813477097242972e-16,7.182380167839811438e-15,8.025139343823331800e-14
5.319058714312235890e-16,7.186472851775062941e-15,8.097042396841021698e-14
5.975468558813754466e-16,7.192480029304351363e-15,8.080254565171524974e-14
5.874261088518878670e-16,7.200763409707630854e-15,8.089898060487151434e-14
6.137456603822181524e-16,7.211354935096935054e-15,8.089269247728493420e-14
5.827106885262465369e-16,7.223914327287584100e-15,8.109844247182813862e-14
5.732440670367488089e-16,7.238080702859039528e-15,8.133191012625712703e-14
6.817058055484107308e-16,7.253491420259947019e-15,8.077677922680695455e-14
5.455747752552770026e-16,7.269781357010802623e-15,8.190872158982498608e-14
4.726520195282992707e-16,7.286582370116691198e-15,8.245982507819878086e-14
5.619703782089256984e-16,7.303522941809625878e-15,8.214136339640330371e-14
4.697266716384329900e-16,7.320228013382625103e-15,8.288010635825501043e-14
6.695483782506787551e-16,7.336319010245430644e-15,8.208869541569669921e-14
6.122588367215365039e-16,7.351414061434549211e-15,8.250435070163689696e-14
4.393224852809891027e-16,7.365128416631042615e-15,8.337665279739773439e-14
4.738943515551320891e-16,7.377075063280713608e-15,8.352708596267767093e-14
5.500073533098110007e-16,7.386865545657996058e-15,8.333917404707933100e-14
5.621889390908612396e-16,7.394110986671695241e-15,8.295915310154937184e-14
4.859519426311511658e-16,7.398491904291422747e-15,8.338673209191202059e-14
6.475571913857214754e-16,7.400209101601023741e-15,8.264331008502793341e-14
5.340468457677450182e-16,7.399703177256619586e-15,8.327664935498445720e-14
5.876949011290295563e-16,7.397418232222467030e-15,8.303920636878035291e-14
6.007859085397241887e-16,7.393799457210817851e-15,8.299598200520343121e-14
6.596866190781832886e-16,7.389292196088446031e-15,8.266406287787990666e-14
6.241007657048865482e-16,7.384341276254815175e-15,8.255425760827664279e-14
5.517576604858570093e-16,7.379390606500082987e-15,8.266711203679310884e-14
5.960062210790601384e-16,7.374883041949410080e-15,8.269220261599552439e-14
6.261042819602883629e-16,7.371260515242934941e-15,8.239909275468604391e-14
5.761740711253962737e-16,7.368964433094213546e-15,8.260213566134802446e-14
4.703115792686643660e-16,7.368436337813934048e-15,8.318773260626190969e-14
4.796664418231107137e-16,7.370118834266991385e-15,8.321930650844880717e-14
5.168710417072772904e-16,7.374456784068283596e-15,8.297431546099204753e-14
5.211888864723063259e-16,7.381898340700849082e-15,8.283359377549004313e-14
4.832506905337879453e-16,7.392665811784141708e-15,8.338759571719065406e-14
5.911974724680821787e-16,7.406373731094919812e-15,8.309245045730569903e-14
4.933362728056211094e-16,7.422536885839388905e-15,8.356401402159893199e-14
4.506316387291182490e-16,7.440668383817890125e-15,8.410001676849885253e-14
5.749099976419936892e-16,7.460278180011068646e-15,8.361819788286231927e-14
5.205908898617822827e-16,7.480871926187694841e-15,8.402726469883666341e-14
5.437252202491071226e-16,7.501950146619755008e-15,8.440663418728963044e-14
5.026140756580179233e-16,7.523007744839953884e-15,8.487671151465052510e-14
5.200121857249518756e-16,7.543533847609849106e-15,8.501898414715249149e-14
5.593905206439624501e-16,7.563011992884247678e-15,8.490227348595554401e-14
4.859998260566244954e-16,7.580955612568027056e-15,8.542226051461227613e-14
4.996812307543723418e-16,7.597264840680735522e-15,8.574159444931006637e-14
5.820379692004197155e-16,7.612084872647452244e-15,8.518253340130940922e-14
4.596745389553945347e-16,7.625566848136962537e-15,8.602134755727519817e-14
5.535807221985735684e-16,7.637863837420741100e-15,8.558177935152694735e-14
5.237030617637376290e-16,7.649130582256591450e-15,8.620777817034398783e-14
5.182494742079523787e-16,7.659523267265482767e-15,8.620392419196296675e-14
4.406743842558864103e-16,7.669199322561769961e-15,8.699993567887310963e-14
5.484433214702003525e-16,7.678317258273893648e-15,8.628260524632578460e-14
5.160749471428439340e-16,7.687036531487910196e-15,8.687241668189468008e-14
4.832168767442506054e-16,7.695517446056584250e-15,8.664760014036533259e-14
5.390560095066796754e-16,7.703921085653509493e-15,8.648927557889847281e-14
5.053075753388420512e-16,7.712409221354379085e-15,8.656955876550255206e-14
5.317665239792586534e-16,7.721105131162805269e-15,8.687323327056784730e-14
4.745489687312954949e-16,7.730025448329644555e-15,8.686374974765754726e-14
3.577877310488188309e-16,7.739168751356995491e-15,8.749322457856855013e-14
5.628753685042338690e-16,7.748533627221588352e-15,8.701263052389110328e-14
4.509931109735821426e-16,7.758118670859955590e-15,8.744853168405264507e-14
4.534216979736712050e-16,7.767922484656917056e-15,8.755546468253880422e-14
3.383070570116379134e-16,7.777943677938654839e-15,8.811600375014583451e-14
5.078602023186078403e-16,7.788180866469882270e-15,8.735715175622235460e-14
5.576113249436500492e-16,7.798632671954943052e-15,8.747161035502998596e-14
5.519254594542567626e-16,7.809297721542447623e-15,8.756286996207633444e-14
4.832947078438621518e-16,7.820174647334221449e-15,8.806319109223655052e-14
5.240672106979344933e-16,7.831262085897432416e-15,8.810508843460686438e-14
3.552374125920532660e-16,7.842558677780645177e-15,8.896330679633114498e-14
4.097217732235169000e-16,7.854063067033002538e-15,8.901114723589963286e-14
4.494501017462729062e-16,7.865773900727518395e-15,8.870819552809508048e-14
4.837006314769146911e-16,7.877689828486910798e-15,8.901332623659142498e-14
4.598364936683650584e-16,7.889809502013434537e-15,8.884162162932863824e-14
4.943619181767493348e-16,7.902131574621435307e-15,8.901521668242438285e-14
4.549335119945344536e-16,7.914654700773131882e-15,8.964226200918873402e-14
5.972396728534710960e-16,7.927377535617933971e-15,8.922916403879138407e-14
5.052759702242722030e-16,7.940298734534287581e-15,8.936547485962572586e-14
5.799775052631198858e-16,7.953416952674593779e-15,8.926102504731715323e-14
4.557652371852633113e-16,7.966730844513297108e-15,9.006251645946401774e-14
5.788334088780504246e-16,7.980239063397627718e-15,8.937127399056123480e-14
5.291191416358806441e-16,7.993940261101090315e-15,8.990269850796392707e-14
6.069396585539521103e-16,8.007833087380201648e-15,8.958800931573354854e-14
5.777847525332180703e-16,8.021897533101391761e-15,9.008042693432783298e-14
5.453995634973663358e-16,8.036038835057502175e-15,9.046013842150583824e-14
4.994747151914201040e-16,8.050142897174417544e-15,9.069200639362036957e-14
5.158350695073210795e-16,8.064094806246156842e-15,9.061801340112732092e-14
3.993353167383466625e-16,8.077778845596877695e-15,9.138172040292126288e-14
3.985174299429288563e-16,8.091078525265403567e-15,9.148905708094794201e-14
4.809648270769001217e-16,8.103876628904942014e-15,9.131126135188958020e-14
4.674461026957690911e-16,8.116055277579219038e-15,9.174772927848577097e-14
5.406312413710822054e-16,8.127496010612363099e-15,9.125808709150851299e-14
5.418184578152373751e-16,8.138079883619583266e-15,9.133595659958096442e-14
5.872596344453054218e-16,8.147687583812258787e-15,9.128239578912289036e-14
4.517204278086286096e-16,8.156199562624621844e-15,9.231780301564808715e-14
5.467349931246128663e-16,8.163496185662380589e-15,9.172846662701089635e-14
4.745419199647287128e-16,8.169457899913878093e-15,9.206757916827803459e-14
5.649128353127052768e-16,8.173965418101931845e-15,9.173052389676904143e-14
6.119609852658413017e-16,8.176899919983523082e-15,9.154223275346391743e-14
5.757488950301495138e-16,8.178145677331033257e-15,9.161714484550313932e-14
5.707746984801955146e-16,8.177794662558271829e-15,9.165815135209411408e-14
4.518132659517118153e-16,8.176302449742225015e-15,9.223994437288477180e-14
4.766609380660378415e-16,8.174161661877440027e-15,9.218656847974821662e-14
4.986098988441173666e-16,8.171864727248934528e-15,9.182980004726538661e-14
5.715844641502094464e-16,8.169903635940363838e-15,9.162600973155068016e-14
5.275729526147547800e-16,8.168769992709455203e-15,9.185432549729528173e-14
4.699972067495502655e-16,8.168955365913954686e-15,9.219874482587661904e-14
4.952216495919666147e-16,8.170951932508887331e-15,9.190698892523711733e-14
5.466048961213758876e-16,8.175253419971885632e-15,9.168119772651115624e-14
5.326901523223242235e-16,8.182266968158311215e-15,9.184863713452199567e-14
4.077560811167350243e-16,8.191902538448480194e-15,9.259423910891307765e-14
7.185974309857745410e-16,8.203897662022692488e-15,9.151201660672450533e-14
5.696700163040116718e-16,8.217990277401076446e-15,9.205936850068549916e-14
5.573715817282101768e-16,8.233918180575699472e-15,9.232577966103465937e-14
4.382208332769806574e-16,8.251418385311531206e-15,9.307512203585312278e-14
5.436356753730669990e-16,8.270226568548417947e-15,9.289530938837879707e-14
4.593114339753054795e-16,8.290076600932191236e-15,9.332837308809625087e-14
4.803151046433233228e-16,8.310700162965233382e-15,9.349604742724496249e-14
3.579554198858951542e-16,8.331826447660497488e-15,9.433005576688043522e-14
6.020019140941521768e-16,8.353186330068807038e-15,9.388572588601649459e-14
5.474434225243564278e-16,8.374638878280421420e-15,9.392643374199129811e-14
4.385729108427629463e-16,8.396192254133293564e-15,9.463998283541410335e-14
5.778634885643608632e-16,8.417862999090429307e-15,9.414860683322622165e-14
4.655395451162178981e-16,8.439667825091410570e-15,9.513450540153842768e-14
4.135275287256058449e-16,8.461623616971738669e-15,9.522455695833724242e-14
4.779695762707653155e-16,8.483747435218405924e-15,9.515357602744453739e-14
4.906436968258635761e-16,8.506056519065603575e-15,9.552120875647310678e-14
5.329160042621852183e-16,8.528568289938058613e-15,9.555769325298022409e-14
4.924074736949355461e-16,8.551300355248797924e-15,9.595934725550732639e-14
4.530030796886297993e-16,8.574270512556768697e-15,9.645639352567009792e-14
4.447289573696674787e-16,8.597496754091862901e-15,9.660654428618470911e-14
5.341797417161751647e-16,8.620997271654931534e-15,9.682667816624851769e-14
5.608360206041257391e-16,8.644790461898383235e-15,9.702696918628986954e-14
5.006032820181348572e-16,8.668894931997317950e-15,9.734098552420328214e-14
5.845801235539843379e-16,8.693306979076690179e-15,9.715622488557976854e-14
5.464245511525925217e-16,8.717872478670678799e-15,9.777717112984931869e-14
3.810959163526215008e-16,8.742373950240125493e-15,9.908610490378576366e-14
5.424479271073262887e-16,8.766591267642757493e-15,9.882764038383138286e-14
5.773577841458582739e-16,8.790301884523852757e-15,9.910580154679400004e-14
5.108597753584445148e-16,8.813280934369402868e-15,9.943633225724181837e-14
3.578958097005728775e-16,8.835301387606220872e-15,1.001909400768820760e-13
4.680378829348988153e-16,8.856134266674346840e-15,9.964100734222996820e-14
3.909755048914306174e-16,8.875548919864297609e-15,1.000729069764583051e-13
4.783964143681673780e-16,8.893313354536184037e-15,1.002260055956892276e-13
5.673344325593621594e-16,8.909198377590896882e-15,1.003448874367282676e-13
6.098637577608988112e-16,8.923124116465351512e-15,1.003418450713667510e-13
6.276832731933540853e-16,8.935208652513980333e-15,1.005074654542262744e-13
4.273377346457415214e-16,8.945585381465216364e-15,1.012765096608072625e-13
6.723375303019585467e-16,8.954389398212647134e-15,1.000514795256438002e-13
4.402608719272090529e-16,8.961757243576571894e-15,1.011525755518136308e-13
3.660540979722683481e-16,8.967826670893987891e-15,1.016988354563242645e-13
3.776148539907706531e-16,8.972736433014682227e-15,1.017466576530391113e-13
5.412745438633713302e-16,8.976626090182144828e-15,1.010440886823601141e-13
6.841029468962068246e-16,8.979635839189184375e-15,1.002041359295919601e-13
3.900297631008124325e-16,8.981906364121603292e-15,1.020104143508870348e-13
4.979878961199236568e-16,8.983578708930209324e-15,1.013965158357632220e-13
5.514712594061887357e-16,8.984794172013103456e-15,9.343555525883489594e-14
5.750381790933305128e-16,8.985694222937189779e-15,9.345916902997170813e-14
6.706385414621166645e-16,8.986420441386743824e-15,9.317886470650908024e-14
5.566568936716134795e-16,8.987114478396291724e-15,9.372679348218340134e-14
6.410694117731888123e-16,8.987918039899114823e-15,9.326250365634723843e-14
3.117908715146112371e-16,8.988972892616665899e-15,9.448547249785547308e-14
5.821823914162214622e-16,8.990420892304546395e-15,9.332630964913847412e-14
4.382135839155359241e-16,8.992404034383934350e-15,9.421558858196580083e-14
4.833711875732944339e-16,8.995067366470260148e-15,9.419505291406202896e-14
6.578420888913431420e-16,8.998604671751816977e-15,9.324309499399465455e-14
4.740735160728482558e-16,9.003250844559036574e-15,9.386620771656079648e-14
4.967560216827768200e-16,9.009242884014088652e-15,9.372497573215020991e-14
3.675662828199437446e-16,9.016818964834328011e-15,9.419869109659467452e-14
5.171982973024074159e-16,9.026218822139227860e-15,9.430303444023505759e-14
3.443804322816384282e-16,9.037684200406715182e-15,9.483785270881562919e-14
5.319524351285204804e-16,9.051459367851796738e-15,9.407732311735975580e-14
4.981537294281105909e-16,9.067791697855897617e-15,9.432324144873061320e-14
4.203774101650939563e-16,9.086932319486449086e-15,9.479311416440271498e-14
5.939237158470851675e-16,9.109136839610707517e-15,9.421419924014842394e-14
2.916451188309583860e-16,9.134666139627527186e-15,9.579064252732945733e-14
4.566386654557509819e-16,9.163787250426452147e-15,9.545392576037721408e-14
4.961123812816034980e-16,9.196774309830118570e-15,9.581932851825988959e-14
5.802291426896943448e-16,9.233909607504732248e-15,9.579751974326021808e-14
5.409169037336309262e-16,9.275484723115225657e-15,9.648077266930325044e-14
4.584434192546260246e-16,9.321801764400255688e-15,9.712219354436593482e-14
4.694585936505528386e-16,9.373174712822567942e-15,9.772781716041225144e-14
8.703680798076782073e-16,9.429930885545111972e-15,9.616804450163872660e-14
3.210832285374878176e-16,9.492412523698704021e-15,9.962029171339123923e-14
6.276606844258930676e-16,9.560927280777884134e-15,9.907664679414767776e-14
4.931663811734662390e-16,9.635340149524482601e-15,1.006451272302888878e-13
5.431812983077941054e-16,9.715276273700707680e-15,1.012056021165464001e-13
4.720077617415537854e-16,9.800352017858360596e-15,1.021917566840824724e-13
3.127827170006521613e-16,9.890174586271926486e-15,1.036360482208729556e-13
4.217619219123265050e-16,9.984339709200071474e-15,1.043764721869158428e-13
5.082009535909271652e-16,1.008242949419999261e-14,1.048530036305338693e-13
5.225269776331615791e-16,1.018401044895269516e-14,1.059407445350789810e-13
5.798841545819463277e-16,1.028863168481108103e-14,1.067692548028278746e-13
2.970733219960298078e-16,1.039582331283056819e-14,1.091843925668915137e-13
4.808181473609621113e-16,1.050509504636219826e-14,1.094373880320253565e-13
5.709918771036367321e-16,1.061593502636969485e-14,1.102903120195746905e-13
7.655020630089095902e-16,1.072780888743142677e-14,1.108415856876407452e-13
6.867110808011039998e-16,1.084015908389425681e-14,1.124186635881961068e-13
2.771083566881795746e-16,1.095240449679965542e-14,1.155292149075191574e-13
5.558245755336442785e-16,1.106394034298157672e-14,1.150305818016810241e-13
3.805547858319173450e-16,1.117413840807872381e-14,1.170159237626505015e-13
6.140246175839076075e-16,1.128234762508747328e-14,1.169071648172945666e-13
5.920877317473561298e-16,1.138789501943275973e-14,1.180653795291345999e-13
4.385920791496891117e-16,1.149034374982163991e-14,1.199273226823655059e-13
5.885611740260066816e-16,1.159040026066654162e-14,1.203825205892705777e-13
5.896151732782117619e-16,1.168912436314583541e-14,1.216335940606843097e-13
5.305921588591474016e-16,1.178761504946157693e-14,1.229703992657494324e-13
5.380617238512900320e-16,1.188700974283771008e-14,1.236352270003460371e-13
6.088641253491690100e-16,1.198848462994682551e-14,1.247981958231416310e-13
3.534847904544835267e-16,1.209316574709444702e-14,1.263942033934670442e-13
3.469610972009358505e-16,1.220129287095563890e-14,1.270015142128776687e-13
3.613170451827430915e-16,1.231257040660990609e-14,1.273750889604761783e-13
2.356571189936370217e-16,1.242668497419705960e-14,1.290418842961262796e-13
5.163606601327727500e-17,1.254331113506325766e-14,1.311052832408566585e-13
1.534825498137940825e-16,1.266211061371370003e-14,1.322791921879204878e-13
4.657196554709332617e-16,1.278273160752034892e-14,1.323415847875709973e-13
5.296605852705128342e-16,1.290480819068602449e-14,1.334037483766914309e-13
5.002144247528103258e-16,1.302795981950090548e-14,1.344619591597919644e-13
4.481929161750245486e-16,1.315179094638352605e-14,1.359973713548532642e-13
2.214873832027778925e-16,1.327589075057692506e-14,1.385190345732415254e-13
3.959925506745725969e-16,1.339983299364345675e-14,1.394142249584255148e-13
2.185217871345119395e-16,1.352317600808927447e-14,1.414974733569958065e-13
3.215500881698859416e-16,1.364546282750257696e-14,1.423610208071638963e-13
5.333128020629640284e-16,1.376622146653995156e-14,1.428918959670176594e-13
3.993454667103312010e-16,1.388496535889318450e-14,1.444070486849838668e-13
4.511667732132110988e-16,1.400119396103790736e-14,1.456621117698925109e-13
5.281550531667891084e-16,1.411439352906666586e-14,1.466427664835976232e-13
7.480318881690663657e-16,1.422403807526057125e-14,1.466329676767572118e-13
4.629310510528964158e-16,1.432959051022554491e-14,1.493419376033814262e-13
4.882126556418104427e-16,1.443050397541503527e-14,1.500200146455870394e-13
5.036386482170619236e-16,1.452622336968190504e-14,1.510967859057012263e-13
3.274725997715757596e-16,1.461618707212934256e-14,1.528781750213714233e-13
4.562019617019386488e-16,1.469982886197996424e-14,1.532244386011850632e-13
6.303627373533837437e-16,1.477658003444401950e-14,1.531757542993306367e-13
5.630797251088079013e-16,1.484587170965773975e-14,1.542160258473404396e-13
4.262917019691476007e-16,1.490713732967637058e-14,1.560300999454259460e-13
4.491480341657992849e-16,1.495981533627317677e-14,1.568055083218772276e-13
6.268697552526095447e-16,1.500335201991369700e-14,1.564979723991670524e-13
6.259049457601847968e-16,1.503720452777660328e-14,1.562080275634456114e-13
5.343347462562690584e-16,1.506095982445062240e-14,1.567295869163810818e-13
2.652298061665973929e-16,1.507759832087490730e-14,1.576287602072264159e-13
4.655279693396545587e-16,1.509395587763928916e-14,1.568740653463446331e-13
4.223793788774476142e-16,1.511710817540775940e-14,1.577831677926087662e-13
4.601937270495362729e-16,1.515418044145937569e-14,1.583514223884921205e-13
6.452698156836793839e-16,1.521239619344542725e-14,1.581365088606655172e-13
6.510620127013820934e-16,1.529916026623502234e-14,1.595501584883310991e-13
7.841915384859930524e-16,1.542217782680922770e-14,1.596824929739886245e-13
4.635717427243624336e-16,1.558961243937552200e-14,1.625276842354838186e-13
7.196663865991402491e-16,1.581028814398045597e-14,1.634377244941758320e-13
2.780708298176433620e-16,1.609394306145467293e-14,1.681133235426214107e-13
3.061729618097761052e-16,1.645154540224450936e-14,1.718523668195443990e-13
5.204486527244743666e-16,1.689188679890554920e-14,1.758689302117420205e-13
5.494439557120584803e-16,1.740861681448593627e-14,1.811417426915306919e-13
3.668624583260704986e-16,1.799038815567674285e-14,1.883264551133663597e-13
2.150157549469904368e-16,1.862440834744872320e-14,1.955144381897046022e-13
6.677044482775797711e-16,1.929592663940247432e-14,2.007789188156787269e-13
5.640411130400579106e-16,1.998782388358791209e-14,2.079301936364608421e-13
2.793102559572895618e-16,2.068033771798682926e-14,2.170397661145275394e-13
3.510318655420208218e-16,2.135096424847178095e-14,2.235012879461014911e-13
3.662573607738049442e-16,2.197571713146120487e-14,2.300663273408863450e-13
4.108854960510560632e-16,2.254387647939507035e-14,2.355522298066285139e-13
7.355964078363545303e-16,2.305568255155786568e-14,2.395221366301861586e-13
6.418048661714856677e-16,2.351253805112384715e-14,2.445746050437411226e-13
8.319960925057814864e-16,2.391671187212380696e-14,2.482229822461460164e-13
8.672373443535328780e-16,2.427125075280082301e-14,2.520124761074331487e-13
5.912058858886770018e-16,2.457988581046810168e-14,2.570421786871846181e-13
6.740533002639901079e-16,2.484693800237641367e-14,2.590855103936004172e-13
6.473735454073192157e-16,2.507722614928090097e-14,2.619569446793932360e-13
6.203922021650379324e-16,2.527598068465434407e-14,2.636279615354835695e-13
5.622235827677177356e-16,2.544876579129413059e-14,2.652333507225380614e-13
1.158913101593822822e-15,2.560141209266603356e-14,2.645041187350425293e-13
7.828657948091354062e-16,2.573996160750240166e-14,2.677205241254753581e-13
7.421446785828306232e-16,2.587062627639126621e-14,2.687695417308344179e-13
1.720111384398046824e-16,2.599976104628367004e-14,2.726307244071043969e-13
6.598281595610878022e-16,2.613385226649744854e-14,2.717706916898865994e-13
5.012252661803942920e-16,2.627952201759692806e-14,2.740146832091017390e-13
6.541987325305247675e-16,2.644354896982151126e-14,2.754052404003948807e-13
8.608728838018272716e-16,2.663290645674974768e-14,2.768227567733602650e-13
7.227102777892283693e-16,2.685399702790066942e-14,2.795861557300755106e-13
8.524614870092658813e-16,2.710836912064281525e-14,2.814409277229164010e-13
2.388241050016273747e-16,2.739572876803949071e-14,2.869373564262363485e-13
7.827626789302463686e-16,2.771585022969511953e-14,2.872076259789161899e-13
4.409170559454939825e-16,2.806857096128381342e-14,2.927071685994395002e-13
7.441591440152220406e-16,2.845378296532763377e-14,2.960077910013968195e-13
9.817970562483471751e-16,2.887142437990365176e-14,2.988781088759197433e-13
6.992783078146591658e-16,2.932147122356741690e-14,3.039747500510536458e-13
1.552164028841372404e-15,2.980392922257787680e-14,3.053386596378162156e-13
5.216045737336705795e-16,3.031882565367294787e-14,3.150856562991044987e-13
7.138989210946173981e-16,3.086620114237764364e-14,3.205538726460129546e-13
4.657757084822544271e-16,3.144610136322851984e-14,3.283592632782206531e-13
8.294539242287593697e-16,3.205856859456104078e-14,3.327157477261292063e-13
1.141566404936128483e-15,3.270363308670888760e-14,3.389629167433693104e-13
6.614863215479101637e-16,3.338130420873967394e-14,3.473644937014206734e-13
8.870569775720672888e-16,3.409156134530774912e-14,3.536545173277890999e-13
8.469501782182992244e-16,3.483434452191832229e-14,3.617515634277853860e-13
9.143147944581961162e-16,3.560954474396999845e-14,3.693762875222826976e-13
8.485919820408150005e-16,3.641699404243721042e-14,3.782103915318234888e-13
1.062466559321731787e-15,3.725645522703441904e-14,3.862748115990098557e-13
8.043692257782711719e-16,3.812761135623509355e-14,3.967619030229956207e-13
7.329820500554021514e-16,3.903005494261550140e-14,4.055770182788948626e-13
6.248731041633298524e-16,3.996327692170069357e-14,4.157727120306667427e-13
9.328663503291164941e-16,4.092665542282464737e-14,4.245758586257316597e-13
5.618723388229099465e-16,4.191944439141438997e-14,4.368200401924197533e-13
1.224946203501608023e-15,4.294076212364119227e-14,4.453806942403267704e-13
3.176266033470999090e-16,4.398957978637397760e-14,4.591526692217938958e-13
5.643089857156430549e-16,4.506471000787528378e-14,4.690736257870469159e-13
5.997857829004885098e-16,4.616479563748399150e-14,4.809979346969316760e-13
1.283415406226898697e-15,4.728829878559913897e-14,4.902516461730606085e-13
8.289958784952033642e-16,4.843349026838484793e-14,5.039765355582050834e-13
8.573863258309067830e-16,4.959843959463875757e-14,5.159985280942174924e-13
8.683046407216579249e-16,5.078100564492355344e-14,5.274722647411988830e-13
9.633349286097122471e-16,5.197882820515435969e-14,5.401440730559926667e-13
8.111928819092178744e-16,5.318932052808711266e-14,5.531189916207920634e-13
1.267807431017368720e-15,5.440966310620546320e-14,5.640769025177509656e-13
6.596451648570386460e-16,5.563679884808695921e-14,5.796394728953295474e-13
1.084739448958864386e-15,5.686742985706924331e-14,5.902343441415302552e-13
1.624655898603467712e-15,5.809801601550966534e-14,6.002245764559745534e-13
1.202648791215017124e-15,5.932477557986229169e-14,6.150910165718757656e-13
8.738229061520847473e-16,6.054368799063052100e-14,6.290913571883264174e-13
1.256613200227377064e-15,6.175049909680183526e-14,6.403516005004907263e-13
4.120478686736792351e-16,6.294072898604522342e-14,6.571766181540822035e-13
1.147454795423425886e-15,6.410968259957167181e-14,6.650040628001889296e-13
8.579806436678235440e-16,6.525246329371236945e-14,6.798664071436469330e-13
1.608757909420202337e-15,6.636398948869873954e-14,6.859971298745851054e-13
8.566338398856496588e-16,6.743901451865693755e-14,7.013933675267593417e-13
8.389900796352017632e-16,6.847214976531106777e-14,7.113477158602022107e-13
5.067569678681272943e-16,6.945789112125795158e-14,7.230224571337360447e-13
0.000000000000000000e+00,7.039064878707573235e-14,7.389963205414288259e-13
1.145610353256191047e-15,7.126478036003404868e-14,7.380715382611728552e-13
1.072616561461234164e-15,7.207462712124435786e-14,7.468354648543655269e-13
1.842571540377232891e-16,7.281455337302384905e-14,7.594325614505573011e-13
1.127745710562693566e-20,7.347898861986015264e-14,7.684190372101479375e-13
3.260664298275620497e-16,7.406247232517076099e-14,7.713069979730159789e-13
